Saelger_id;Landekode;Produkt_Id;Dato;Antal;Indkobspris;Salgspris
1003;EN;104;27-03-2021;102;12,75;19,12
1003;EN;115;06-11-2021;465;32,09;35,95
1001;EN;114;20-01-2021;376;64,18;123,53
1001;EN;108;30-08-2021;294;84,15;156,25
1004;EN;119;15-05-2021;57;169,58;333,68
1002;EN;115;02-06-2021;512;32,09;62,35
1003;EN;111;25-09-2021;175;254,79;439,06
1002;EN;117;11-08-2021;83;174,68;192,94
1004;EN;110;29-03-2021;263;25,08;33,00
1002;EN;102;28-04-2021;93;92,65;154,47
1003;EN;101;30-08-2021;211;22,53;38,46
1005;EN;107;21-12-2021;84;61,41;112,17
1004;EN;101;13-11-2021;257;22,53;33,80
1003;EN;112;03-09-2021;182;119,43;151,94
1004;EN;119;07-09-2021;191;169,58;183,18
1003;EN;112;17-05-2021;284;119,43;184,54
1003;EN;114;26-04-2021;61;64,18;111,61
1004;DK;104;06-06-2021;221;12,75;21,93
1002;DK;103;11-03-2021;243;74,59;111,23
1003;DK;108;01-12-2021;117;84,15;156,26
1001;EN;101;07-12-2021;13;22,53;23,37
1001;EN;108;04-12-2021;177;84,15;92,29
1002;EN;104;01-12-2021;71;12,75;22,41
1005;EN;103;29-08-2021;27;74,59;144,56
1005;EN;112;31-08-2021;83;119,43;124,18
1005;EN;110;01-08-2021;72;25,08;49,42
1002;EN;104;10-05-2021;78;12,75;25,01
1001;EN;116;17-04-2021;446;129,25;132,67
1002;EN;105;26-04-2021;271;84,79;140,58
1002;EN;114;01-10-2021;300;64,18;107,74
1001;EN;117;05-01-2021;49;174,68;243,70
1003;EN;104;02-03-2021;23;12,75;22,62
1005;EN;101;13-05-2021;512;22,53;38,30
1001;EN;109;04-06-2021;245;48,03;63,50
1003;EN;110;18-12-2021;481;25,08;35,79
1005;EN;107;08-06-2021;20;61,41;109,82
1004;EN;112;28-06-2021;327;119,43;140,62
1005;EN;117;05-02-2021;175;174,68;205,09
1001;DK;104;03-04-2021;221;12,75;17,84
1003;EN;106;21-10-2021;550;40,59;61,62
1003;EN;102;16-08-2021;166;92,65;141,77
1004;EN;114;05-09-2021;548;64,18;115,43
1004;EN;108;28-04-2021;40;84,15;166,13
1003;EN;113;28-12-2021;84;57,59;96,80
1003;EN;119;20-08-2021;97;169,58;242,63
1001;EN;119;14-11-2021;83;169,58;313,18
1002;EN;120;26-06-2021;129;254,58;458,03
1004;EN;116;11-04-2021;223;129,25;229,92
1005;EN;118;25-09-2021;645;76,29;98,00
1001;EN;113;27-11-2021;5;57,59;88,71
1003;EN;116;20-08-2021;320;129,25;209,84
1005;EN;107;19-10-2021;349;61,41;97,25
1001;EN;103;08-03-2021;417;74,59;78,94
1004;EN;108;16-02-2021;157;84,15;86,72
1005;EN;101;31-07-2021;116;22,53;30,06
1002;EN;110;16-11-2021;365;25,08;32,64
1003;EN;109;17-01-2021;104;48,03;71,41
1005;DK;111;16-02-2021;394;254,79;266,17
1004;EN;120;26-05-2021;160;254,58;291,64
1001;EN;119;23-12-2021;221;169,58;319,74
1002;EN;104;20-04-2021;111;12,75;13,97
1002;EN;117;27-01-2021;244;174,68;294,79
1003;EN;101;19-04-2021;221;22,53;39,77
1005;EN;109;17-03-2021;60;48,03;90,24
1005;EN;112;16-06-2021;354;119,43;122,55
1001;EN;110;09-05-2021;56;25,08;42,12
1004;EN;111;10-07-2021;71;254,79;267,94
1002;EN;107;25-10-2021;60;61,41;72,81
1001;EN;110;19-04-2021;128;25,08;43,23
1002;EN;118;20-12-2021;32;76,29;128,47
1003;EN;112;28-01-2021;124;119,43;136,64
1005;EN;118;31-07-2021;164;76,29;78,48
1005;EN;119;06-06-2021;269;169,58;223,44
1003;EN;108;24-06-2021;58;84,15;112,80
1002;EN;118;10-02-2021;286;76,29;130,53
1001;EN;104;27-02-2021;43;12,75;19,32
1002;EN;117;15-03-2021;44;174,68;209,12
1004;EN;114;02-04-2021;35;64,18;73,91
1004;EN;101;18-12-2021;60;22,53;41,69
1003;DK;106;24-07-2021;144;40,59;49,05
1003;EN;107;02-03-2021;194;61,41;113,32
1005;EN;111;16-01-2021;196;254,79;339,44
1003;EN;101;07-01-2021;119;22,53;23,38
1003;EN;101;30-05-2021;147;22,53;26,92
1003;EN;118;27-05-2021;106;76,29;103,36
1001;EN;109;03-02-2021;199;48,03;76,55
1003;EN;101;09-01-2021;611;22,53;26,36
1002;EN;111;01-06-2021;242;254,79;476,62
1003;EN;116;08-02-2021;321;129,25;150,41
1005;EN;102;13-04-2021;334;92,65;147,63
1002;EN;112;02-08-2021;312;119,43;214,94
1001;EN;116;06-05-2021;12;129,25;191,40
1005;EN;110;01-04-2021;114;25,08;44,06
1005;EN;106;04-10-2021;69;40,59;49,82
1001;EN;113;16-05-2021;109;57,59;87,07
1002;EN;120;02-10-2021;36;254,58;295,21
1005;EN;111;03-11-2021;277;254,79;411,89
1002;EN;108;12-03-2021;71;84,15;157,97
1005;EN;117;01-12-2021;143;174,68;289,33
1001;EN;104;02-10-2021;32;12,75;20,11
1005;EN;116;03-01-2021;253;129,25;245,37
1003;EN;104;11-12-2021;137;12,75;14,71
1004;EN;105;04-01-2021;26;84,79;148,10
1005;EN;102;10-10-2021;187;92,65;123,90
1005;EN;120;25-04-2021;62;254,58;472,05
1004;EN;106;22-04-2021;261;40,59;58,45
1003;EN;120;21-07-2021;92;254,58;334,75
1001;EN;116;12-09-2021;88;129,25;233,10
1003;EN;102;04-12-2021;201;92,65;119,82
1001;EN;115;28-04-2021;369;32,09;38,35
1004;EN;119;10-06-2021;64;169,58;183,35
1003;EN;108;24-11-2021;148;84,15;141,09
1003;DK;102;29-07-2021;744;92,65;149,31
1004;EN;109;12-06-2021;276;48,03;94,61
1003;EN;115;11-05-2021;263;32,09;41,69
1002;EN;117;11-07-2021;100;174,68;230,24
1004;EN;115;11-08-2021;528;32,09;35,76
1003;EN;102;10-03-2021;46;92,65;145,73
1001;EN;114;23-06-2021;49;64,18;65,56
1005;EN;110;22-02-2021;361;25,08;26,68
1004;EN;102;04-10-2021;130;92,65;106,96
1004;EN;118;02-02-2021;230;76,29;130,88
1004;EN;119;14-05-2021;185;169,58;182,44
1003;EN;102;05-12-2021;352;92,65;179,29
1002;EN;118;30-06-2021;224;76,29;145,40
1004;EN;119;14-02-2021;190;169,58;184,25
1004;EN;108;15-01-2021;242;84,15;122,03
1003;EN;113;11-08-2021;25;57,59;84,51
1004;EN;111;19-08-2021;375;254,79;261,50
1003;EN;103;01-08-2021;416;74,59;131,46
1004;EN;101;24-02-2021;145;22,53;31,40
1005;EN;116;02-11-2021;100;129,25;240,89
1002;EN;101;02-05-2021;197;22,53;37,17
1005;EN;111;21-11-2021;325;254,79;365,42
1004;EN;104;05-06-2021;9;12,75;23,28
1001;EN;107;26-08-2021;146;61,41;111,03
1001;EN;107;10-01-2021;133;61,41;74,29
1005;EN;119;07-08-2021;93;169,58;247,84
1004;EN;114;20-09-2021;126;64,18;68,12
1005;EN;110;10-02-2021;328;25,08;36,21
1005;EN;113;05-03-2021;477;57,59;72,92
1001;EN;108;13-04-2021;116;84,15;104,17
1002;EN;116;17-04-2021;97;129,25;233,02
1005;EN;113;31-05-2021;84;57,59;94,98
1001;EN;102;24-09-2021;12;92,65;133,88
1004;EN;115;03-12-2021;184;32,09;56,45
1001;EN;109;06-09-2021;113;48,03;68,13
1002;DK;107;23-07-2021;353;61,41;85,05
1002;EN;111;14-04-2021;81;254,79;370,72
1002;EN;116;01-02-2021;69;129,25;174,86
1001;EN;115;06-11-2021;97;32,09;63,95
1005;EN;105;15-01-2021;134;84,79;105,79
1003;EN;103;02-04-2021;63;74,59;128,45
1003;EN;105;07-02-2021;207;84,79;163,84
1003;EN;106;13-10-2021;209;40,59;68,48
1001;EN;105;22-05-2021;277;84,79;152,57
1001;EN;106;18-11-2021;392;40,59;60,01
1001;EN;105;09-07-2021;9;84,79;160,13
1001;EN;108;26-06-2021;356;84,15;157,90
1002;DK;110;27-09-2021;552;25,08;48,78
1003;EN;112;25-01-2021;97;119,43;123,95
1003;EN;112;08-08-2021;1;119,43;199,77
1002;EN;119;25-04-2021;100;169,58;255,22
1005;EN;108;17-11-2021;293;84,15;93,41
1001;EN;115;27-11-2021;393;32,09;57,30
1001;EN;120;11-06-2021;599;254,58;504,23
1002;EN;112;10-04-2021;189;119,43;149,43
1004;EN;115;26-03-2021;41;32,09;50,26
1003;EN;104;27-01-2021;63;12,75;21,02
1001;DK;109;04-09-2021;23;48,03;63,84
1004;EN;116;26-10-2021;8;129,25;192,37
1003;EN;108;27-04-2021;39;84,15;93,77
1004;EN;106;03-07-2021;63;40,59;42,83
1003;EN;101;22-10-2021;498;22,53;39,45
1001;EN;108;21-11-2021;181;84,15;165,68
1004;EN;112;28-11-2021;181;119,43;223,73
1005;EN;109;12-05-2021;184;48,03;55,56
1002;EN;109;10-04-2021;70;48,03;52,82
1001;EN;114;12-10-2021;147;64,18;89,63
1001;EN;103;30-11-2021;207;74,59;94,80
1003;EN;119;11-11-2021;8;169,58;224,42
1001;EN;119;02-02-2021;95;169,58;331,05
1005;EN;118;28-09-2021;15;76,29;124,24
1005;EN;118;12-12-2021;191;76,29;146,34
1002;EN;119;29-04-2021;116;169,58;232,45
1005;EN;105;29-04-2021;232;84,79;142,42
1002;EN;112;09-07-2021;168;119,43;168,82
1004;EN;111;31-01-2021;101;254,79;492,97
1001;EN;115;08-01-2021;5;32,09;61,64
1004;EN;107;06-09-2021;229;61,41;90,55
1003;EN;106;08-09-2021;409;40,59;60,06
1003;EN;113;14-01-2021;268;57,59;69,93
1001;EN;114;03-06-2021;198;64,18;71,60
1001;EN;107;08-10-2021;168;61,41;78,73
1001;EN;106;24-07-2021;223;40,59;53,91
1001;EN;117;15-07-2021;266;174,68;198,86
1002;EN;117;23-06-2021;267;174,68;262,85
1005;EN;107;09-06-2021;177;61,41;80,64
1002;EN;115;27-12-2021;450;32,09;44,94
1005;EN;102;02-07-2021;175;92,65;99,77
1001;EN;118;11-01-2021;45;76,29;116,38
1001;EN;107;11-07-2021;124;61,41;96,83
1003;EN;116;18-09-2021;287;129,25;145,01
1005;EN;108;02-01-2021;232;84,15;94,46
1005;EN;111;26-10-2021;117;254,79;398,33
1003;EN;111;21-02-2021;42;254,79;420,28
1005;EN;104;05-04-2021;329;12,75;14,16
1003;EN;115;17-11-2021;65;32,09;55,22
1002;EN;119;24-12-2021;27;169,58;295,08
1003;EN;106;01-12-2021;247;40,59;53,32
1003;EN;112;23-02-2021;39;119,43;132,29
1001;EN;102;01-06-2021;113;92,65;159,83
1005;EN;106;31-07-2021;171;40,59;72,02
1004;EN;112;03-04-2021;7;119,43;171,66
1004;EN;120;25-10-2021;99;254,58;447,42
1002;EN;112;24-02-2021;344;119,43;195,00
1005;EN;115;15-03-2021;226;32,09;47,20
1002;EN;112;06-01-2021;239;119,43;132,69
1001;EN;110;19-12-2021;67;25,08;35,23
1004;EN;107;22-02-2021;147;61,41;119,43
1005;EN;104;24-09-2021;217;12,75;17,76
1003;EN;114;01-10-2021;50;64,18;127,92
1002;EN;113;10-09-2021;290;57,59;64,61
1004;EN;108;15-06-2021;38;84,15;139,87
1002;EN;109;05-12-2021;74;48,03;89,86
1001;EN;103;08-06-2021;244;74,59;110,93
1002;EN;106;05-05-2021;519;40,59;72,05
1001;EN;119;09-02-2021;103;169,58;173,75
1001;EN;102;14-04-2021;454;92,65;114,87
1005;EN;108;11-10-2021;67;84,15;114,41
1004;EN;107;31-10-2021;53;61,41;103,84
1005;EN;107;24-10-2021;54;61,41;113,08
1002;EN;120;28-07-2021;205;254,58;364,22
1001;EN;117;22-08-2021;272;174,68;297,26
1001;EN;104;13-06-2021;94;12,75;15,95
1002;EN;102;29-03-2021;22;92,65;159,25
1005;EN;117;20-07-2021;137;174,68;205,64
1005;EN;112;26-11-2021;200;119,43;124,81
1002;EN;112;17-04-2021;79;119,43;191,04
1004;EN;117;30-06-2021;154;174,68;266,28
1003;EN;113;04-03-2021;152;57,59;113,13
1003;EN;105;24-02-2021;261;84,79;163,44
1004;EN;113;03-05-2021;79;57,59;98,81
1004;EN;110;22-07-2021;86;25,08;45,97
1004;EN;101;11-01-2021;158;22,53;37,19
1003;EN;111;07-06-2021;64;254,79;281,44
1001;EN;113;19-08-2021;224;57,59;69,68
1003;EN;115;04-09-2021;274;32,09;40,62
1002;EN;102;20-07-2021;340;92,65;157,56
1004;EN;108;02-07-2021;448;84,15;132,37
1005;EN;104;17-10-2021;12;12,75;17,52
1002;EN;118;08-05-2021;37;76,29;100,99
1002;EN;109;31-03-2021;469;48,03;63,34
1001;EN;108;06-08-2021;729;84,15;127,89
1004;EN;120;19-10-2021;191;254,58;385,68
1001;EN;111;21-11-2021;331;254,79;427,78
1001;EN;116;13-12-2021;373;129,25;192,55
1005;EN;117;21-11-2021;34;174,68;299,69
1005;EN;111;24-12-2021;303;254,79;419,81
1004;EN;109;16-10-2021;158;48,03;50,69
1005;EN;109;25-01-2021;45;48,03;54,02
1002;EN;102;23-05-2021;138;92,65;141,79
1004;EN;107;24-12-2021;18;61,41;93,29
1004;EN;117;24-01-2021;335;174,68;252,15
1005;EN;102;31-12-2021;692;92,65;113,89
1001;EN;119;04-06-2021;131;169,58;261,74
1003;EN;111;02-09-2021;144;254,79;336,17
1004;EN;114;08-08-2021;287;64,18;99,11
1005;EN;106;13-12-2021;98;40,59;64,92
1003;EN;108;23-04-2021;228;84,15;111,25
1004;EN;104;11-06-2021;225;12,75;24,82
1003;EN;102;27-06-2021;97;92,65;114,06
1004;EN;109;18-08-2021;162;48,03;56,71
1003;EN;115;19-01-2021;57;32,09;46,64
1002;EN;117;18-10-2021;520;174,68;204,93
1004;EN;113;18-12-2021;263;57,59;114,53
1003;EN;103;18-10-2021;96;74,59;77,65
1003;EN;113;26-07-2021;138;57,59;97,61
1002;EN;102;13-11-2021;476;92,65;152,97
1004;EN;110;16-01-2021;669;25,08;29,84
1003;EN;119;29-03-2021;91;169,58;202,80
1004;EN;119;24-08-2021;159;169,58;248,86
1005;EN;105;22-06-2021;330;84,79;90,96
1001;EN;112;09-03-2021;10;119,43;237,79
1004;EN;114;31-07-2021;239;64,18;74,47
1005;EN;119;24-04-2021;33;169,58;213,29
1004;EN;108;21-03-2021;362;84,15;90,01
1005;EN;105;16-11-2021;57;84,79;93,76
1003;EN;112;22-10-2021;119;119,43;180,54
1004;EN;107;24-11-2021;46;61,41;87,28
1004;EN;110;19-06-2021;111;25,08;41,43
1005;EN;106;07-05-2021;138;40,59;64,47
1002;EN;109;12-09-2021;356;48,03;85,08
1003;EN;118;23-03-2021;495;76,29;113,09
1003;EN;101;07-05-2021;664;22,53;38,54
1002;EN;101;02-04-2021;136;22,53;33,64
1002;EN;107;21-08-2021;221;61,41;86,83
1003;EN;104;09-11-2021;268;12,75;13,95
1002;EN;117;10-11-2021;506;174,68;257,93
1005;EN;110;29-05-2021;368;25,08;34,49
1005;EN;115;14-01-2021;181;32,09;39,31
1004;EN;116;20-09-2021;565;129,25;235,92
1003;EN;103;26-08-2021;347;74,59;133,14
1005;EN;110;03-01-2021;187;25,08;35,92
1003;EN;108;19-07-2021;160;84,15;162,07
1003;EN;116;09-06-2021;245;129,25;241,93
1004;EN;110;17-11-2021;22;25,08;28,30
1005;EN;101;16-10-2021;153;22,53;31,96
1005;EN;107;02-10-2021;230;61,41;91,00
1001;EN;107;21-01-2021;67;61,41;64,51
1005;EN;110;19-12-2021;20;25,08;30,00
1002;EN;104;22-04-2021;537;12,75;17,38
1002;EN;102;22-01-2021;228;92,65;148,74
1004;EN;105;18-05-2021;177;84,79;96,62
1003;EN;115;30-12-2021;60;32,09;40,14
1003;EN;104;11-03-2021;367;12,75;24,19
1001;EN;111;17-12-2021;347;254,79;265,07
1004;EN;117;26-11-2021;6;174,68;209,32
1004;EN;105;16-12-2021;172;84,79;116,71
1002;EN;114;01-01-2021;244;64,18;90,50
1005;EN;118;05-11-2021;42;76,29;117,88
1001;EN;117;17-04-2021;250;174,68;256,48
1005;EN;102;26-12-2021;169;92,65;183,74
1001;EN;118;28-06-2021;245;76,29;96,92
1005;EN;110;02-07-2021;199;25,08;46,13
1004;EN;115;20-02-2021;148;32,09;51,62
1005;EN;106;03-02-2021;146;40,59;42,33
1004;EN;114;28-04-2021;422;64,18;71,76
1001;EN;105;27-12-2021;8;84,79;130,89
1002;EN;111;08-06-2021;93;254,79;326,97
1003;EN;109;14-03-2021;92;48,03;88,41
1005;EN;118;24-10-2021;94;76,29;118,77
1001;EN;106;31-05-2021;74;40,59;55,96
1001;EN;116;16-11-2021;470;129,25;211,51
1002;EN;106;03-11-2021;126;40,59;40,82
1002;EN;104;29-10-2021;1;12,75;18,39
1005;EN;115;27-08-2021;23;32,09;38,08
1002;EN;120;16-06-2021;130;254,58;470,80
1005;EN;102;06-05-2021;230;92,65;106,71
1001;EN;104;28-05-2021;363;12,75;13,16
1003;EN;106;29-07-2021;34;40,59;51,14
1005;EN;101;27-08-2021;249;22,53;36,96
1004;EN;110;11-12-2021;58;25,08;38,58
1005;EN;117;15-01-2021;456;174,68;217,62
1002;EN;109;22-08-2021;222;48,03;80,51
1001;EN;118;25-11-2021;37;76,29;148,39
1004;EN;118;24-11-2021;83;76,29;108,93
1003;EN;108;15-03-2021;46;84,15;151,81
1002;EN;116;30-07-2021;301;129,25;238,41
1004;US;120;28-10-2021;48;254,58;339,57
1003;US;101;05-10-2021;396;22,53;38,40
1004;US;112;30-09-2021;99;119,43;128,41
1005;US;105;19-03-2021;263;84,79;163,96
1003;US;105;18-08-2021;1;84,79;95,81
1004;US;119;02-06-2021;118;169,58;268,60
1004;US;109;26-05-2021;20;48,03;50,01
1002;US;117;15-05-2021;190;174,68;268,74
1002;US;102;07-05-2021;123;92,65;139,58
1003;US;113;01-03-2021;268;57,59;76,78
1004;US;118;14-05-2021;152;76,29;139,84
1002;US;108;27-09-2021;238;84,15;108,41
1002;US;103;02-10-2021;381;74,59;120,54
1005;US;119;28-07-2021;87;169,58;255,28
1002;US;117;03-05-2021;275;174,68;226,03
1002;US;103;03-04-2021;287;74,59;83,52
1002;US;106;22-11-2021;391;40,59;53,23
1003;US;108;10-11-2021;243;84,15;154,46
1004;US;119;12-06-2021;154;169,58;226,21
1001;US;118;20-09-2021;175;76,29;138,60
1003;US;101;25-12-2021;291;22,53;27,08
1005;US;119;21-12-2021;574;169,58;244,18
1004;US;104;11-09-2021;90;12,75;18,58
1003;US;101;24-10-2021;413;22,53;32,75
1005;US;107;10-01-2021;129;61,41;69,69
1003;US;115;08-08-2021;184;32,09;40,01
1005;US;120;08-01-2021;26;254,58;380,66
1002;US;113;12-05-2021;96;57,59;108,25
1005;US;112;23-12-2021;5;119,43;181,33
1005;US;118;23-03-2021;4;76,29;91,37
1005;US;116;08-05-2021;253;129,25;207,40
1002;US;102;18-07-2021;490;92,65;163,07
1001;US;119;20-07-2021;291;169,58;312,73
1005;US;113;20-06-2021;126;57,59;110,12
1005;US;102;16-11-2021;3;92,65;158,90
1004;US;116;27-08-2021;115;129,25;131,03
1005;US;104;11-11-2021;148;12,75;22,58
1004;US;113;25-03-2021;224;57,59;88,18
1001;US;114;18-07-2021;96;64,18;90,22
1001;US;119;12-07-2021;479;169,58;180,93
1001;US;101;18-12-2021;350;22,53;30,64
1003;US;117;13-09-2021;72;174,68;334,15
1003;US;103;17-11-2021;72;74,59;77,69
1001;US;103;26-08-2021;35;74,59;100,74
1004;US;106;04-04-2021;388;40,59;51,80
1004;US;116;12-09-2021;402;129,25;250,01
1001;US;116;30-11-2021;79;129,25;187,36
1001;US;105;17-03-2021;41;84,79;120,79
1001;US;106;14-08-2021;238;40,59;62,99
1005;US;117;16-09-2021;467;174,68;250,85
1002;US;118;28-08-2021;351;76,29;81,52
1003;US;104;08-08-2021;245;12,75;15,53
1005;US;115;12-04-2021;534;32,09;50,01
1003;US;115;06-12-2021;49;32,09;54,70
1005;US;118;27-06-2021;214;76,29;93,32
1002;US;112;27-07-2021;155;119,43;128,07
1003;US;118;06-04-2021;288;76,29;143,22
1002;US;115;21-10-2021;183;32,09;43,61
1001;US;108;24-03-2021;421;84,15;124,19
1003;US;107;28-06-2021;102;61,41;86,73
1003;US;111;24-11-2021;396;254,79;353,51
1003;US;112;25-08-2021;173;119,43;145,69
1001;US;112;05-09-2021;41;119,43;181,16
1003;US;120;10-12-2021;237;254,58;454,48
1002;US;101;16-09-2021;158;22,53;31,50
1004;US;104;10-03-2021;2;12,75;14,12
1005;US;102;02-04-2021;15;92,65;95,11
1002;US;118;18-10-2021;335;76,29;101,12
1003;US;114;13-01-2021;269;64,18;84,15
1002;US;118;30-05-2021;62;76,29;100,25
1002;US;109;14-05-2021;641;48,03;81,02
1002;US;104;24-05-2021;80;12,75;25,32
1002;US;111;02-10-2021;149;254,79;462,91
1003;US;103;10-03-2021;79;74,59;95,65
1004;US;103;24-04-2021;2;74,59;88,56
1003;US;108;08-03-2021;45;84,15;114,09
1004;US;107;30-08-2021;279;61,41;98,94
1005;US;115;09-09-2021;265;32,09;49,79
1005;US;103;10-10-2021;25;74,59;130,12
1003;US;111;27-08-2021;136;254,79;424,80
1002;US;102;05-05-2021;34;92,65;98,78
1004;US;113;16-11-2021;21;57,59;105,29
1004;US;106;13-03-2021;129;40,59;45,89
1002;US;116;13-04-2021;197;129,25;212,99
1004;US;114;21-01-2021;474;64,18;113,05
1001;US;108;11-11-2021;105;84,15;104,16
1004;US;116;25-09-2021;257;129,25;175,14
1005;US;115;27-01-2021;34;32,09;61,55
1003;US;118;22-05-2021;532;76,29;105,88
1002;US;105;22-02-2021;58;84,79;157,64
1003;US;104;15-10-2021;260;12,75;20,25
1002;US;112;05-08-2021;77;119,43;140,80
1002;US;110;29-07-2021;110;25,08;27,55
1005;US;112;12-08-2021;229;119,43;124,72
1005;US;109;09-12-2021;227;48,03;71,01
1004;US;114;16-02-2021;77;64,18;98,89
1003;US;114;24-05-2021;270;64,18;106,78
1004;US;113;13-03-2021;231;57,59;81,86
1001;US;115;14-06-2021;430;32,09;64,06
1005;US;102;02-06-2021;142;92,65;128,21
1003;US;109;04-02-2021;172;48,03;49,06
1003;US;119;27-01-2021;73;169,58;300,80
1003;US;113;18-11-2021;24;57,59;89,39
1002;US;105;11-11-2021;101;84,79;142,56
1002;US;103;19-03-2021;162;74,59;91,26
1004;US;104;10-05-2021;128;12,75;14,51
1002;US;105;18-01-2021;132;84,79;130,78
1001;US;116;23-11-2021;339;129,25;255,66
1001;US;118;19-05-2021;195;76,29;120,35
1004;US;109;19-01-2021;232;48,03;51,23
1004;US;108;01-10-2021;13;84,15;161,81
1004;US;111;24-10-2021;29;254,79;327,14
1003;US;101;09-12-2021;194;22,53;39,53
1005;US;107;16-05-2021;318;61,41;87,57
1001;US;116;25-08-2021;160;129,25;240,59
1002;US;118;08-04-2021;151;76,29;141,83
1005;US;103;15-09-2021;152;74,59;120,45
1003;US;120;03-01-2021;348;254,58;478,58
1003;US;108;13-03-2021;233;84,15;99,88
1001;US;110;03-03-2021;383;25,08;27,47
1004;US;116;06-03-2021;300;129,25;158,43
1004;US;118;13-12-2021;14;76,29;128,09
1004;US;113;13-05-2021;301;57,59;65,55
1003;US;104;19-10-2021;112;12,75;14,61
1005;US;102;07-03-2021;174;92,65;144,43
1005;US;106;08-06-2021;135;40,59;78,26
1005;US;101;24-02-2021;443;22,53;24,68
1001;US;111;02-05-2021;156;254,79;481,34
1001;US;113;19-02-2021;9;57,59;97,34
1005;US;113;27-10-2021;93;57,59;73,28
1002;US;102;24-07-2021;82;92,65;173,92
1005;US;111;08-12-2021;394;254,79;327,59
1001;US;118;27-08-2021;226;76,29;76,47
1003;US;111;04-12-2021;164;254,79;408,53
1001;US;112;12-02-2021;262;119,43;237,40
1002;US;118;05-08-2021;148;76,29;109,35
1002;US;113;20-12-2021;156;57,59;71,10
1003;US;111;30-03-2021;230;254,79;347,23
1002;US;102;01-05-2021;379;92,65;164,32
1003;US;108;09-07-2021;55;84,15;105,22
1002;US;104;27-08-2021;195;12,75;16,87
1001;US;115;05-06-2021;198;32,09;49,96
1003;US;119;25-01-2021;47;169,58;171,49
1003;US;103;25-12-2021;507;74,59;109,94
1001;US;116;03-11-2021;90;129,25;140,69
1004;US;117;05-11-2021;414;174,68;195,44
1003;US;107;01-03-2021;26;61,41;113,84
1003;US;105;25-10-2021;197;84,79;111,50
1001;US;111;01-02-2021;46;254,79;289,11
1005;US;111;31-05-2021;148;254,79;455,32
1001;US;109;15-12-2021;331;48,03;83,70
1001;US;114;26-02-2021;14;64,18;96,38
1002;US;110;31-01-2021;411;25,08;33,26
1005;US;117;23-02-2021;91;174,68;199,01
1001;US;120;27-08-2021;229;254,58;329,04
1003;US;112;26-03-2021;128;119,43;183,10
1005;US;107;29-08-2021;34;61,41;72,14
1001;US;102;29-10-2021;6;92,65;119,54
1004;US;108;20-04-2021;231;84,15;110,86
1002;US;115;26-01-2021;211;32,09;46,99
1001;US;113;19-06-2021;162;57,59;104,39
1001;US;110;31-10-2021;435;25,08;42,56
1001;US;103;12-08-2021;40;74,59;80,10
1004;US;114;23-09-2021;66;64,18;81,48
1004;US;110;14-08-2021;151;25,08;35,55
1003;US;109;07-03-2021;15;48,03;86,38
1003;US;113;11-12-2021;350;57,59;73,70
1002;US;101;28-06-2021;254;22,53;41,92
1005;US;110;27-05-2021;244;25,08;45,25
1004;US;116;23-03-2021;5;129,25;243,72
1002;US;108;05-09-2021;143;84,15;143,14
1002;US;110;30-10-2021;110;25,08;32,15
1002;US;109;26-06-2021;126;48,03;59,05
1001;US;114;17-04-2021;449;64,18;82,18
1005;US;114;08-03-2021;131;64,18;125,83
1005;US;108;05-10-2021;357;84,15;105,37
1001;US;119;11-02-2021;338;169,58;324,35
1004;US;103;12-06-2021;169;74,59;119,25
1002;US;118;28-02-2021;590;76,29;130,61
1005;US;108;11-09-2021;29;84,15;119,06
1002;US;108;02-05-2021;288;84,15;89,21
1005;US;102;22-07-2021;164;92,65;161,64
1005;US;115;23-12-2021;403;32,09;61,35
1004;US;109;22-10-2021;121;48,03;77,75
1002;US;118;09-09-2021;1;76,29;126,25
1002;US;115;27-08-2021;22;32,09;47,23
1001;US;106;05-09-2021;469;40,59;66,68
1001;US;114;24-02-2021;33;64,18;114,77
1001;US;112;19-05-2021;278;119,43;194,78
1003;US;106;12-09-2021;162;40,59;59,34
1004;US;110;18-03-2021;169;25,08;40,64
1001;US;103;05-04-2021;298;74,59;75,79
1004;US;115;03-12-2021;222;32,09;45,00
1005;US;103;19-01-2021;139;74,59;142,30
1005;US;118;23-05-2021;18;76,29;78,11
1005;US;118;04-02-2021;54;76,29;79,09
1005;US;115;12-08-2021;453;32,09;37,58
1002;US;110;12-02-2021;294;25,08;27,91
1003;US;103;12-01-2021;123;74,59;124,04
1001;US;113;01-09-2021;44;57,59;58,67
1005;US;104;25-03-2021;448;12,75;12,90
1002;US;118;19-06-2021;119;76,29;101,84
1001;US;107;12-03-2021;83;61,41;85,81
1002;US;119;14-08-2021;366;169,58;333,54
1005;US;106;20-03-2021;180;40,59;50,06
1004;US;111;30-07-2021;193;254,79;397,84
1003;US;119;25-09-2021;272;169,58;177,35
1005;US;110;10-05-2021;386;25,08;27,31
1004;US;120;04-01-2021;121;254,58;461,55
1004;US;103;14-04-2021;560;74,59;146,96
1004;US;113;04-04-2021;587;57,59;85,53
1002;US;120;21-02-2021;237;254,58;280,40
1004;US;113;26-06-2021;695;57,59;90,21
1003;US;114;28-04-2021;365;64,18;75,93
1003;US;102;01-04-2021;29;92,65;94,25
1003;US;118;09-09-2021;179;76,29;85,51
1003;US;114;02-09-2021;667;64,18;112,45
1003;US;105;24-05-2021;142;84,79;114,05
1004;US;108;11-11-2021;308;84,15;136,79
1001;US;114;25-10-2021;312;64,18;88,77
1002;US;102;13-09-2021;583;92,65;128,11
1001;US;105;10-12-2021;104;84,79;92,73
1005;US;115;11-08-2021;393;32,09;62,83
1004;US;118;15-02-2021;173;76,29;140,85
1002;US;118;13-07-2021;165;76,29;148,92
1001;US;114;22-06-2021;11;64,18;64,23
1001;US;114;07-03-2021;115;64,18;92,33
1002;US;106;02-04-2021;353;40,59;58,29
1004;US;103;18-06-2021;38;74,59;94,73
1004;US;106;21-05-2021;381;40,59;57,65
1002;US;116;20-08-2021;203;129,25;249,70
1001;US;103;19-11-2021;49;74,59;90,58
1004;US;110;28-11-2021;258;25,08;49,97
1004;US;119;17-05-2021;139;169,58;172,74
1001;US;107;21-03-2021;382;61,41;86,04
1005;US;117;03-11-2021;632;174,68;264,17
1001;US;102;24-01-2021;5;92,65;155,74
1001;US;107;18-10-2021;309;61,41;69,08
1005;US;117;27-08-2021;20;174,68;328,66
1003;US;108;21-02-2021;127;84,15;97,39
1004;US;119;24-09-2021;130;169,58;215,75
1005;US;112;30-06-2021;332;119,43;205,44
1004;US;108;27-06-2021;334;84,15;98,30
1003;US;107;19-10-2021;76;61,41;82,74
1003;US;112;04-12-2021;263;119,43;184,68
1004;US;116;05-08-2021;2;129,25;223,51
1005;US;106;21-05-2021;237;40,59;44,98
1003;US;104;13-03-2021;287;12,75;13,74
1004;US;114;25-11-2021;190;64,18;102,35
1004;US;116;22-10-2021;279;129,25;196,32
1002;US;109;08-05-2021;62;48,03;73,23
1004;US;113;21-11-2021;101;57,59;68,79
1005;US;111;05-05-2021;264;254,79;350,58
1002;US;104;06-11-2021;100;12,75;22,81
1005;US;120;14-06-2021;66;254,58;321,10
1002;US;113;04-05-2021;78;57,59;74,34
1003;US;111;22-04-2021;55;254,79;362,67
1003;US;103;14-07-2021;250;74,59;111,58
1001;US;105;19-07-2021;199;84,79;168,02
1002;US;112;23-02-2021;114;119,43;182,90
1005;US;115;28-12-2021;154;32,09;61,10
1002;US;119;01-03-2021;79;169,58;250,70
1003;US;111;06-05-2021;354;254,79;364,12
1002;US;120;22-05-2021;17;254,58;364,19
1004;US;117;05-11-2021;354;174,68;299,54
1002;US;101;12-06-2021;137;22,53;31,92
1001;US;119;23-11-2021;212;169,58;311,73
1003;US;109;14-04-2021;80;48,03;64,31
1004;US;105;14-06-2021;178;84,79;105,95
1004;US;103;26-05-2021;676;74,59;87,80
1001;US;112;17-06-2021;191;119,43;218,02
1001;US;111;23-05-2021;137;254,79;335,73
1001;US;112;23-09-2021;112;119,43;237,93
1003;US;104;17-08-2021;287;12,75;19,39
1005;US;117;09-10-2021;151;174,68;314,74
1001;US;108;01-08-2021;144;84,15;124,31
1004;US;103;23-07-2021;190;74,59;100,44
1001;US;117;15-05-2021;172;174,68;251,53
1004;US;108;18-10-2021;526;84,15;102,91
1003;US;118;13-12-2021;163;76,29;149,93
1005;US;109;29-05-2021;52;48,03;83,11
1004;US;110;24-03-2021;434;25,08;25,44
1001;US;120;12-12-2021;167;254,58;503,85
1002;US;119;24-09-2021;663;169,58;312,90
1002;US;115;14-10-2021;183;32,09;54,19
1004;US;102;25-08-2021;181;92,65;93,19
1003;US;106;28-01-2021;427;40,59;57,22
1001;US;114;21-10-2021;321;64,18;121,67
1002;US;102;02-06-2021;259;92,65;98,39
1001;US;116;27-05-2021;249;129,25;232,46
1002;US;101;14-12-2021;121;22,53;24,19
1003;US;105;22-03-2021;82;84,79;96,26
1003;US;101;22-02-2021;88;22,53;40,40
1003;US;117;07-10-2021;34;174,68;251,18
1001;US;101;07-05-2021;11;22,53;38,90
1005;US;114;30-06-2021;360;64,18;113,88
1004;US;110;20-03-2021;198;25,08;30,55
1005;US;117;22-04-2021;253;174,68;316,71
1002;US;115;09-04-2021;96;32,09;39,16
1002;US;107;24-08-2021;208;61,41;106,91
1001;US;110;11-11-2021;26;25,08;26,48
1005;US;104;19-08-2021;50;12,75;23,71
1003;US;106;14-04-2021;77;40,59;49,18
1002;US;108;14-06-2021;4;84,15;100,96
1005;US;118;03-03-2021;592;76,29;129,17
1002;US;106;17-01-2021;51;40,59;75,99
1005;US;105;07-09-2021;2;84,79;150,46
1003;US;106;24-08-2021;333;40,59;58,32
1004;US;115;29-12-2021;474;32,09;54,50
1003;US;118;06-07-2021;23;76,29;152,14
1004;US;103;04-10-2021;233;74,59;103,69
1001;US;101;03-04-2021;13;22,53;30,16
1002;US;108;28-02-2021;173;84,15;117,82
1004;US;113;03-03-2021;8;57,59;77,34
1004;US;116;30-11-2021;198;129,25;170,52
1005;US;118;23-12-2021;117;76,29;84,19
1001;US;104;10-08-2021;4;12,75;20,65
1001;US;114;12-12-2021;351;64,18;91,36
1002;US;109;02-02-2021;54;48,03;59,78
1004;US;117;01-10-2021;232;174,68;294,42
1003;US;107;04-09-2021;186;61,41;117,98
1002;US;111;26-04-2021;96;254,79;304,78
1005;US;114;02-11-2021;235;64,18;74,95
1004;US;114;01-11-2021;330;64,18;97,50
1004;US;120;07-02-2021;22;254,58;416,72
1003;US;101;18-04-2021;11;22,53;42,75
1004;US;111;16-07-2021;128;254,79;421,69
1003;US;102;14-05-2021;270;92,65;111,12
1004;US;109;08-11-2021;42;48,03;67,47
1001;US;105;09-05-2021;23;84,79;138,67
1002;US;117;30-11-2021;310;174,68;341,35
1002;US;117;28-12-2021;7;174,68;269,01
1005;US;114;25-05-2021;183;64,18;66,34
1004;US;106;08-11-2021;243;40,59;55,68
1001;US;104;01-08-2021;235;12,75;24,09
1005;US;108;12-05-2021;117;84,15;121,74
1003;US;116;22-08-2021;101;129,25;142,17
1002;US;107;05-06-2021;186;61,41;84,48
1002;US;118;19-05-2021;368;76,29;92,85
1003;US;112;26-11-2021;422;119,43;138,67
1003;US;111;13-06-2021;116;254,79;360,98
1001;US;120;28-01-2021;274;254,58;336,44
1003;US;101;23-08-2021;97;22,53;33,32
1002;US;120;08-06-2021;127;254,58;460,56
1001;US;120;07-01-2021;96;254,58;369,61
1002;US;111;19-10-2021;172;254,79;332,19
1001;DK;119;21-12-2021;308;169,58;326,06
1003;DK;119;22-05-2021;349;169,58;181,32
1002;DK;115;06-09-2021;257;32,09;50,40
1005;DK;115;11-12-2021;103;32,09;39,75
1003;DK;112;01-11-2021;168;119,43;150,76
1002;DK;102;07-02-2021;186;92,65;172,12
1001;DK;107;14-02-2021;286;61,41;113,91
1002;DK;108;26-07-2021;224;84,15;120,51
1005;DK;104;26-05-2021;80;12,75;18,73
1001;DK;109;18-03-2021;124;48,03;53,08
1004;DK;103;10-12-2021;159;74,59;103,30
1001;DK;105;05-07-2021;53;84,79;114,45
1002;DK;109;21-09-2021;57;48,03;67,05
1004;DK;107;17-09-2021;41;61,41;106,10
1001;DK;114;12-10-2021;65;64,18;126,44
1003;DK;108;15-07-2021;49;84,15;150,24
1005;DK;106;02-01-2021;18;40,59;64,24
1001;DK;108;25-10-2021;174;84,15;87,09
1005;DK;110;13-01-2021;2;25,08;25,60
1003;DK;107;14-10-2021;83;61,41;76,30
1001;DK;113;09-03-2021;513;57,59;89,92
1004;DK;111;20-08-2021;46;254,79;309,43
1002;DK;115;14-10-2021;235;32,09;60,36
1001;DK;119;18-06-2021;116;169,58;249,97
1003;DK;116;27-04-2021;244;129,25;129,51
1005;DK;104;20-10-2021;764;12,75;19,83
1002;DK;111;15-03-2021;104;254,79;377,33
1003;DK;115;07-11-2021;425;32,09;49,26
1004;DK;113;13-11-2021;29;57,59;65,36
1005;DK;119;08-01-2021;265;169,58;239,32
1001;DK;119;12-03-2021;361;169,58;267,52
1005;DK;111;11-08-2021;344;254,79;489,71
1001;DK;112;14-04-2021;292;119,43;189,14
1005;DK;111;02-03-2021;109;254,79;316,07
1004;DK;116;31-07-2021;32;129,25;244,15
1002;DK;102;14-09-2021;329;92,65;115,29
1003;DK;105;04-06-2021;499;84,79;158,97
1002;DK;115;22-12-2021;116;32,09;52,16
1003;DK;103;18-09-2021;461;74,59;141,60
1004;DK;102;28-04-2021;235;92,65;134,59
1004;DK;104;10-04-2021;84;12,75;25,28
1001;DK;105;09-05-2021;240;84,79;89,24
1003;DK;118;24-03-2021;391;76,29;145,14
1002;DK;102;09-06-2021;366;92,65;105,72
1004;DK;108;10-11-2021;65;84,15;133,25
1005;DK;111;23-03-2021;142;254,79;335,28
1002;DK;119;05-05-2021;235;169,58;272,31
1005;DK;118;10-04-2021;153;76,29;112,13
1004;DK;110;08-03-2021;314;25,08;38,93
1003;DK;119;04-11-2021;366;169,58;237,76
1005;DK;105;23-08-2021;16;84,79;100,44
1004;DK;108;17-06-2021;455;84,15;84,59
1001;DK;103;08-03-2021;131;74,59;118,55
1002;DK;120;29-07-2021;43;254,58;505,70
1004;DK;111;10-12-2021;157;254,79;504,16
1005;DK;106;16-03-2021;11;40,59;40,82
1001;DK;118;26-11-2021;499;76,29;93,17
1005;DK;120;27-06-2021;65;254,58;398,50
1001;DK;119;08-12-2021;186;169,58;256,64
1002;DK;117;13-04-2021;395;174,68;307,93
1005;DK;101;20-04-2021;110;22,53;40,96
1003;DK;103;15-01-2021;77;74,59;82,55
1005;DK;112;30-08-2021;26;119,43;226,32
1002;DK;111;26-09-2021;145;254,79;484,60
1002;DK;117;13-07-2021;248;174,68;305,83
1003;DK;110;03-03-2021;200;25,08;36,10
1005;DK;105;26-03-2021;103;84,79;169,22
1005;DK;115;05-08-2021;45;32,09;61,11
1005;DK;120;24-11-2021;88;254,58;462,85
1002;DK;110;28-11-2021;459;25,08;35,94
1004;DK;113;04-10-2021;171;57,59;69,55
1002;DK;118;04-01-2021;63;76,29;151,70
1002;DK;109;20-06-2021;242;48,03;58,02
1003;DK;104;11-07-2021;162;12,75;24,45
1003;DK;107;20-09-2021;231;61,41;121,73
1002;DK;115;10-05-2021;414;32,09;63,87
1005;DK;118;28-06-2021;54;76,29;86,66
1003;DK;102;30-10-2021;83;92,65;95,71
1004;DK;108;09-02-2021;20;84,15;110,86
1001;DK;116;14-02-2021;57;129,25;229,67
1004;DK;102;12-03-2021;339;92,65;171,40
1003;DK;108;30-08-2021;292;84,15;114,31
1002;DK;102;25-10-2021;376;92,65;132,00
1005;DK;112;02-01-2021;163;119,43;156,34
1003;DK;101;24-11-2021;670;22,53;24,99
1005;DK;119;25-08-2021;302;169,58;230,22
1005;DK;119;15-01-2021;22;169,58;286,77
1002;DK;105;11-08-2021;14;84,79;109,04
1005;DK;107;25-10-2021;275;61,41;105,10
1003;DK;115;24-03-2021;438;32,09;44,20
1002;DK;106;19-05-2021;221;40,59;52,23
1001;DK;103;08-08-2021;115;74,59;115,91
1003;DK;112;23-03-2021;118;119,43;142,09
1002;DK;119;22-12-2021;423;169,58;233,72
1003;DK;108;24-05-2021;82;84,15;131,93
1003;DK;115;20-05-2021;26;32,09;33,52
1004;DK;114;14-09-2021;87;64,18;72,14
1005;DK;109;12-06-2021;273;48,03;56,75
1002;DK;116;12-02-2021;14;129,25;176,26
1001;DK;116;15-08-2021;146;129,25;172,24
1002;DK;114;13-03-2021;177;64,18;118,40
1003;DK;107;15-11-2021;100;61,41;76,29
1001;DK;109;04-08-2021;97;48,03;84,64
1005;DK;117;12-04-2021;40;174,68;278,47
1002;DK;116;12-08-2021;321;129,25;160,97
1005;DK;110;14-01-2021;179;25,08;30,20
1005;DK;102;15-12-2021;148;92,65;122,64
1001;DK;118;07-01-2021;4;76,29;122,96
1002;DK;110;13-11-2021;358;25,08;43,67
1002;DK;116;05-06-2021;281;129,25;138,42
1004;DK;119;14-03-2021;341;169,58;280,57
1001;DK;120;10-09-2021;128;254,58;325,46
1002;DK;115;06-04-2021;4;32,09;35,18
1001;DK;105;29-07-2021;295;84,79;153,47
1002;DK;113;03-12-2021;193;57,59;103,16
1001;DK;120;26-04-2021;11;254,58;399,50
1002;DK;110;13-09-2021;320;25,08;43,15
1002;DK;110;19-11-2021;308;25,08;48,70
1002;DK;116;26-02-2021;363;129,25;221,77
1002;DK;101;11-09-2021;576;22,53;40,25
1003;DK;107;20-02-2021;11;61,41;97,52
1004;DK;118;17-12-2021;47;76,29;92,25
1005;DK;120;14-10-2021;280;254,58;323,59
1005;DK;113;19-12-2021;73;57,59;71,28
1003;DK;104;07-07-2021;358;12,75;15,98
1003;DK;108;20-02-2021;293;84,15;101,60
1004;DK;114;22-07-2021;226;64,18;102,16
1001;DK;111;22-05-2021;124;254,79;507,89
1001;DK;107;16-04-2021;90;61,41;81,72
1004;DK;109;06-07-2021;116;48,03;69,83
1005;DK;109;24-08-2021;176;48,03;61,20
1005;DK;106;31-10-2021;238;40,59;46,85
1002;DK;101;09-06-2021;91;22,53;35,82
1003;DK;120;03-08-2021;410;254,58;263,97
1003;DK;117;01-05-2021;279;174,68;234,85
1003;DK;118;03-07-2021;90;76,29;91,84
1002;DK;115;30-03-2021;19;32,09;61,30
1005;DK;103;04-05-2021;297;74,59;81,72
1005;DK;119;07-04-2021;158;169,58;246,10
1004;DK;116;25-06-2021;44;129,25;206,52
1003;DK;103;02-11-2021;73;74,59;75,14
1001;DK;116;31-12-2021;779;129,25;218,61
1005;DK;102;01-08-2021;19;92,65;174,75
1003;DK;120;10-02-2021;5;254,58;402,60
1003;DK;117;27-12-2021;110;174,68;271,88
1003;DK;113;24-05-2021;683;57,59;67,16
1001;DK;106;29-01-2021;230;40,59;65,44
1004;DK;120;12-11-2021;478;254,58;482,21
1001;DK;104;09-08-2021;554;12,75;22,90
1003;DK;109;09-02-2021;14;48,03;56,82
1003;DK;110;27-08-2021;239;25,08;40,79
1004;DK;111;03-07-2021;524;254,79;365,41
1002;DK;113;19-12-2021;167;57,59;65,88
1005;DK;106;23-04-2021;126;40,59;60,37
1001;DK;113;22-11-2021;120;57,59;61,85
1001;DK;115;04-12-2021;424;32,09;37,82
1004;DK;115;05-07-2021;266;32,09;61,15
1001;DK;116;29-01-2021;203;129,25;212,43
1005;DK;119;21-11-2021;88;169,58;232,78
1005;DK;116;29-10-2021;295;129,25;158,01
1003;DK;117;22-01-2021;155;174,68;199,38
1003;DK;117;18-01-2021;11;174,68;199,84
1004;DK;104;12-10-2021;327;12,75;19,18
1005;DK;119;28-04-2021;504;169,58;322,50
1002;DK;106;30-11-2021;236;40,59;80,50
1002;DK;120;06-06-2021;373;254,58;451,18
1005;DK;117;26-05-2021;122;174,68;243,95
1004;DK;102;03-10-2021;95;92,65;136,22
1005;DK;118;25-10-2021;202;76,29;126,14
1003;DK;115;20-03-2021;133;32,09;47,95
1004;DK;102;06-09-2021;554;92,65;137,85
1005;DK;109;30-06-2021;247;48,03;89,58
1002;DK;117;17-08-2021;205;174,68;201,86
1005;DK;117;08-07-2021;56;174,68;312,11
1004;DK;104;29-12-2021;48;12,75;23,63
1004;DK;120;03-01-2021;170;254,58;306,35
1005;DK;105;03-12-2021;171;84,79;115,56
1002;DK;105;18-10-2021;527;84,79;164,86
1004;DK;102;04-09-2021;209;92,65;114,25
1001;DK;116;01-07-2021;155;129,25;133,88
1001;DK;116;10-07-2021;368;129,25;197,88
1001;DK;109;16-08-2021;149;48,03;57,95
1003;DK;110;28-02-2021;99;25,08;38,27
1004;DK;114;21-08-2021;208;64,18;87,63
1004;DK;110;24-05-2021;198;25,08;32,57
1004;DK;111;19-02-2021;329;254,79;303,55
1001;DK;107;04-07-2021;183;61,41;92,13
1003;DK;111;05-02-2021;65;254,79;408,75
1003;DK;108;05-09-2021;8;84,15;114,23
1003;DK;103;05-12-2021;476;74,59;80,51
1005;DK;106;28-06-2021;47;40,59;74,07
1001;DK;115;31-05-2021;285;32,09;37,73
1001;DK;114;25-09-2021;178;64,18;128,08
1002;DK;112;06-12-2021;316;119,43;142,91
1001;DK;110;06-03-2021;258;25,08;33,76
1003;DK;116;25-04-2021;411;129,25;164,63
1003;DK;108;12-11-2021;95;84,15;167,07
1001;DK;118;02-09-2021;215;76,29;125,74
1004;DK;102;31-01-2021;224;92,65;119,36
1005;DK;112;18-08-2021;342;119,43;223,26
1005;DK;117;07-01-2021;182;174,68;217,31
1001;DK;106;22-03-2021;387;40,59;78,71
1001;DK;115;17-07-2021;238;32,09;40,87
1002;DK;115;23-04-2021;380;32,09;42,28
1001;DK;108;13-01-2021;191;84,15;151,89
1002;DK;101;24-11-2021;245;22,53;39,04
1005;DK;102;15-06-2021;74;92,65;123,40
1002;DK;111;03-07-2021;389;254,79;441,48
1005;DK;107;04-06-2021;245;61,41;70,64
1005;DK;102;28-05-2021;347;92,65;107,20
1003;DK;105;10-10-2021;316;84,79;128,05
1002;DK;113;30-03-2021;965;57,59;73,28
1005;DK;115;17-02-2021;161;32,09;43,57
1004;DK;106;19-11-2021;384;40,59;66,33
1001;DK;101;01-05-2021;576;22,53;43,26
1003;DK;102;16-04-2021;128;92,65;160,54
1005;DK;115;01-12-2021;304;32,09;49,78
1001;DK;104;05-11-2021;161;12,75;21,26
1001;DK;115;30-06-2021;38;32,09;61,80
1001;DK;119;22-05-2021;195;169,58;323,94
1002;DK;106;05-09-2021;568;40,59;73,18
1002;DK;120;02-02-2021;324;254,58;478,26
1001;DK;103;11-08-2021;32;74,59;147,44
1003;DK;109;31-10-2021;88;48,03;53,41
1001;DK;115;25-11-2021;266;32,09;46,21
1003;DK;102;04-08-2021;72;92,65;180,63
1002;DK;105;29-03-2021;144;84,79;152,41
1002;DK;109;02-09-2021;415;48,03;49,78
1003;DK;106;12-04-2021;265;40,59;49,19
1004;DK;115;08-04-2021;52;32,09;50,98
1002;DK;110;09-12-2021;11;25,08;27,45
1004;DK;119;16-12-2021;46;169,58;311,06
1004;DK;102;28-10-2021;78;92,65;110,02
1001;DK;107;06-10-2021;346;61,41;86,44
1005;DK;114;01-07-2021;421;64,18;121,36
1004;DK;118;03-06-2021;58;76,29;104,68
1001;DK;104;23-05-2021;149;12,75;25,28
1003;DK;115;09-02-2021;345;32,09;47,20
1005;DK;102;18-05-2021;22;92,65;105,17
1003;DK;109;22-09-2021;222;48,03;79,92
1005;DK;115;20-02-2021;41;32,09;42,16
1004;DK;108;26-03-2021;406;84,15;140,74
1002;DK;112;24-12-2021;62;119,43;123,06
1004;DK;120;24-11-2021;155;254,58;465,01
1005;DK;102;30-03-2021;432;92,65;100,62
1002;DK;104;10-10-2021;154;12,75;18,07
1005;DK;119;03-11-2021;67;169,58;322,49
1004;DK;111;25-02-2021;227;254,79;254,89
1001;DK;116;09-03-2021;94;129,25;216,61
1005;DK;105;03-06-2021;369;84,79;141,57
1001;DK;107;01-03-2021;13;61,41;119,30
1002;DK;120;13-05-2021;473;254,58;486,37
1001;DK;114;17-08-2021;75;64,18;116,58
1004;DK;120;30-01-2021;57;254,58;476,48
1005;DK;106;09-03-2021;104;40,59;67,65
1002;DK;108;13-07-2021;44;84,15;143,40
1003;DK;106;27-10-2021;26;40,59;44,53
1001;DK;117;01-12-2021;61;174,68;288,38
1003;DK;118;22-09-2021;33;76,29;76,34
1001;DK;105;08-01-2021;247;84,79;149,28
1001;DK;107;03-02-2021;191;61,41;91,46
1002;DK;117;13-05-2021;73;174,68;258,74
1003;DK;103;14-05-2021;163;74,59;110,63
1001;DK;114;03-04-2021;176;64,18;75,06
1002;DK;111;10-01-2021;62;254,79;508,76
1002;DK;105;26-11-2021;132;84,79;125,10
1004;DK;117;20-10-2021;153;174,68;317,70
1004;DK;114;13-10-2021;278;64,18;108,45
1005;DK;115;31-12-2021;747;32,09;37,38
1005;DK;103;14-09-2021;134;74,59;132,45
1002;DK;112;07-03-2021;325;119,43;143,80
1002;DK;107;15-05-2021;104;61,41;95,07
1005;DK;114;14-01-2021;174;64,18;102,16
1002;DK;117;04-07-2021;380;174,68;271,98
1005;DK;105;28-02-2021;54;84,79;109,65
1001;DK;106;30-12-2021;263;40,59;50,10
1001;DK;101;31-08-2021;138;22,53;37,48
1005;DK;117;13-11-2021;57;174,68;346,69
1001;DK;105;25-02-2021;147;84,79;92,47
1003;DK;105;07-03-2021;100;84,79;96,72
1004;DK;106;19-01-2021;524;40,59;65,54
1001;DK;116;15-04-2021;602;129,25;188,02
1003;DK;101;23-05-2021;226;22,53;25,38
1003;DK;107;09-01-2021;31;61,41;116,45
1005;DK;106;31-07-2021;31;40,59;50,50
1005;DK;105;09-12-2021;166;84,79;122,89
1005;DK;105;16-05-2021;145;84,79;135,24
1002;DK;118;16-01-2021;104;76,29;147,91
1001;DK;105;10-06-2021;316;84,79;97,53
1003;DK;116;15-06-2021;357;129,25;213,63
1004;DK;120;01-04-2021;379;254,58;277,07
1001;DK;118;04-08-2021;173;76,29;142,76
1004;DK;109;19-03-2021;269;48,03;62,69
1003;DK;116;16-06-2021;1;129,25;147,50
1004;DK;112;27-05-2021;231;119,43;153,03
1005;DK;117;21-12-2021;99;174,68;281,04
1002;DK;109;23-10-2021;19;48,03;63,28
1002;DK;105;26-01-2021;81;84,79;135,02
1002;DK;101;07-11-2021;5;22,53;29,91
1005;DK;110;27-12-2021;24;25,08;29,32
1003;DK;115;13-06-2021;301;32,09;38,28
1001;DK;105;11-01-2021;350;84,79;87,52
1003;DK;110;03-10-2021;77;25,08;48,11
1001;DK;101;19-09-2021;91;22,53;28,92
1005;DK;104;03-06-2021;254;12,75;20,53
1005;DK;109;25-09-2021;322;48,03;68,95
1001;DK;113;12-11-2021;81;57,59;112,44
1004;DK;117;06-05-2021;322;174,68;237,91
1002;DK;109;16-06-2021;341;48,03;60,51
1005;DK;111;23-01-2021;133;254,79;331,07
1002;DK;117;11-10-2021;294;174,68;324,47
1002;DK;110;04-03-2021;231;25,08;36,03
1002;DK;116;13-06-2021;4;129,25;256,33
1004;DK;111;22-05-2021;41;254,79;424,18
1004;DK;102;08-10-2021;202;92,65;182,92
1003;DK;101;30-12-2021;177;22,53;35,67
1002;DK;115;26-08-2021;151;32,09;43,37
1004;DK;107;29-08-2021;198;61,41;64,38
1004;DK;104;12-05-2021;123;12,75;23,14
1005;DK;105;18-02-2021;58;84,79;139,37
1003;DK;112;06-11-2021;57;119,43;124,41
1003;DK;120;01-12-2021;44;254,58;330,27
1001;DK;113;27-04-2021;226;57,59;64,76
1003;DK;113;16-08-2021;193;57,59;107,55
1004;DK;117;29-10-2021;281;174,68;237,15
1003;DK;120;12-09-2021;158;254,58;325,20
1002;DK;116;28-12-2021;95;129,25;179,78
1001;DK;118;23-09-2021;405;76,29;150,05
1005;DK;112;04-08-2021;250;119,43;215,21
1001;DK;112;03-05-2021;442;119,43;232,72
1002;DK;118;01-10-2021;113;76,29;79,89
1003;DK;109;07-11-2021;347;48,03;50,35
1002;DK;108;17-04-2021;451;84,15;118,13
1005;DK;112;19-10-2021;175;119,43;139,81
1003;DK;113;18-08-2021;103;57,59;104,39
1002;DK;119;13-02-2021;220;169,58;172,35
1003;DK;115;02-08-2021;104;32,09;46,60
1003;DK;108;29-01-2021;9;84,15;93,65
1004;DK;118;03-01-2021;99;76,29;119,66
1005;DK;105;10-10-2021;162;84,79;168,57
1004;DK;114;05-07-2021;82;64,18;109,85
1001;DK;118;26-09-2021;145;76,29;93,18
1005;AU;107;28-10-2021;238;61,41;70,74
1001;AU;119;06-03-2021;260;169,58;279,52
1002;AU;104;14-01-2021;36;12,75;13,15
1004;AU;120;05-06-2021;195;254,58;341,07
1004;AU;110;29-07-2021;28;25,08;48,62
1004;AU;115;23-01-2021;313;32,09;57,60
1003;AU;116;22-10-2021;35;129,25;143,85
1005;AU;119;08-11-2021;102;169,58;283,77
1002;AU;111;30-06-2021;38;254,79;484,46
1003;AU;102;23-07-2021;215;92,65;127,36
1003;AU;111;14-12-2021;340;254,79;363,97
1005;AU;118;25-05-2021;9;76,29;120,91
1001;AU;106;29-07-2021;112;40,59;79,18
1003;AU;120;08-12-2021;428;254,58;356,40
1001;AU;111;02-11-2021;259;254,79;322,70
1004;AU;106;02-01-2021;434;40,59;63,06
1001;AU;102;10-01-2021;217;92,65;115,28
1004;AU;104;30-08-2021;83;12,75;23,90
1003;AU;111;17-11-2021;132;254,79;362,89
1004;AU;115;13-02-2021;40;32,09;48,49
1005;AU;108;17-07-2021;416;84,15;160,30
1002;AU;102;23-04-2021;400;92,65;168,73
1004;AU;114;22-10-2021;423;64,18;75,48
1003;AU;113;27-06-2021;510;57,59;102,68
1005;AU;117;10-09-2021;185;174,68;205,71
1004;AU;117;23-05-2021;44;174,68;237,50
1002;AU;110;21-03-2021;108;25,08;27,41
1003;AU;111;04-05-2021;480;254,79;339,50
1003;AU;120;11-11-2021;47;254,58;428,70
1005;AU;108;04-09-2021;5;84,15;146,10
1003;AU;117;14-07-2021;214;174,68;177,28
1002;AU;104;17-11-2021;16;12,75;14,72
1001;AU;106;13-07-2021;211;40,59;51,65
1004;AU;104;11-06-2021;449;12,75;20,75
1003;AU;104;09-07-2021;387;12,75;14,42
1004;AU;112;21-04-2021;65;119,43;131,06
1005;AU;107;02-02-2021;97;61,41;106,65
1002;AU;102;23-04-2021;148;92,65;163,66
1001;AU;117;30-11-2021;129;174,68;222,65
1003;AU;111;07-01-2021;197;254,79;372,45
1005;AU;112;16-01-2021;278;119,43;233,02
1004;AU;107;26-03-2021;190;61,41;110,62
1003;AU;120;24-10-2021;361;254,58;447,59
1004;AU;111;25-07-2021;217;254,79;335,29
1003;AU;109;19-08-2021;67;48,03;50,20
1003;AU;110;09-09-2021;85;25,08;45,05
1004;AU;120;11-07-2021;172;254,58;293,91
1002;AU;102;28-08-2021;316;92,65;154,77
1002;AU;104;17-01-2021;2;12,75;21,60
1001;AU;111;18-05-2021;202;254,79;430,01
1002;AU;106;23-11-2021;82;40,59;60,03
1005;AU;111;13-11-2021;102;254,79;442,33
1002;AU;110;15-05-2021;284;25,08;36,89
1004;AU;120;29-07-2021;246;254,58;410,53
1002;AU;108;04-12-2021;199;84,15;118,32
1002;AU;117;04-12-2021;95;174,68;197,27
1003;AU;103;22-07-2021;146;74,59;95,36
1005;AU;101;17-01-2021;292;22,53;42,26
1002;AU;111;09-02-2021;485;254,79;364,01
1003;AU;110;09-01-2021;209;25,08;42,50
1001;AU;120;29-08-2021;178;254,58;456,92
1005;AU;105;23-11-2021;115;84,79;114,52
1002;AU;106;31-08-2021;89;40,59;75,45
1001;AU;104;13-02-2021;135;12,75;23,86
1001;AU;120;05-11-2021;147;254,58;303,77
1002;AU;115;31-03-2021;270;32,09;49,50
1002;AU;118;01-10-2021;231;76,29;109,01
1001;AU;101;14-09-2021;22;22,53;34,49
1005;AU;104;02-09-2021;69;12,75;23,19
1004;AU;104;11-10-2021;265;12,75;21,05
1002;AU;116;24-08-2021;84;129,25;194,54
1005;AU;110;17-10-2021;167;25,08;26,40
1004;AU;119;11-09-2021;105;169,58;254,14
1002;AU;114;02-12-2021;538;64,18;66,97
1002;AU;103;31-12-2021;123;74,59;109,02
1005;AU;110;02-01-2021;115;25,08;44,49
1004;AU;113;16-11-2021;36;57,59;105,59
1002;AU;105;27-05-2021;504;84,79;86,99
1002;AU;102;03-01-2021;76;92,65;138,54
1001;AU;102;28-09-2021;343;92,65;141,12
1001;AU;109;22-11-2021;650;48,03;93,97
1002;AU;105;22-01-2021;67;84,79;159,95
1001;AU;109;14-10-2021;37;48,03;93,97
1002;AU;113;20-09-2021;252;57,59;75,76
1001;AU;105;01-12-2021;77;84,79;158,23
1001;AU;104;08-08-2021;85;12,75;18,30
1003;AU;119;21-03-2021;1;169,58;183,80
1005;AU;117;12-11-2021;197;174,68;249,09
1002;AU;111;09-02-2021;145;254,79;475,30
1003;AU;102;20-09-2021;300;92,65;163,09
1003;AU;110;14-11-2021;24;25,08;48,97
1005;AU;105;21-05-2021;72;84,79;99,28
1005;AU;111;13-05-2021;297;254,79;303,40
1002;AU;105;03-09-2021;289;84,79;99,90
1004;AU;106;21-11-2021;186;40,59;67,19
1004;AU;101;04-02-2021;131;22,53;27,20
1004;AU;120;20-02-2021;314;254,58;454,16
1002;AU;115;09-08-2021;266;32,09;62,30
1005;AU;117;27-11-2021;220;174,68;175,70
1002;AU;102;08-03-2021;371;92,65;135,24
1002;AU;120;17-08-2021;95;254,58;321,36
1003;AU;102;02-02-2021;94;92,65;181,83
1005;AU;114;22-01-2021;446;64,18;119,12
1001;AU;105;05-12-2021;79;84,79;102,81
1005;AU;119;27-01-2021;101;169,58;322,61
1003;AU;117;19-06-2021;761;174,68;277,86
1003;AU;117;02-02-2021;271;174,68;197,02
1005;AU;101;03-05-2021;309;22,53;41,12
1003;AU;107;30-07-2021;237;61,41;107,02
1002;AU;110;02-03-2021;264;25,08;32,34
1003;AU;118;25-01-2021;153;76,29;105,69
1001;AU;109;15-05-2021;266;48,03;62,30
1005;AU;108;15-02-2021;415;84,15;154,51
1004;AU;117;11-03-2021;285;174,68;320,51
1005;AU;112;29-09-2021;15;119,43;233,23
1005;AU;112;19-10-2021;368;119,43;210,04
1005;AU;113;17-01-2021;182;57,59;85,94
1005;AU;118;15-11-2021;244;76,29;80,42
1002;AU;119;31-10-2021;106;169,58;304,68
1003;AU;109;28-05-2021;102;48,03;65,82
1003;AU;117;25-08-2021;224;174,68;343,18
1005;AU;103;21-04-2021;30;74,59;76,88
1002;AU;104;23-03-2021;9;12,75;14,50
1002;AU;119;06-10-2021;499;169,58;278,84
1004;AU;109;02-08-2021;406;48,03;67,84
1002;AU;118;01-08-2021;107;76,29;128,16
1001;AU;115;02-10-2021;108;32,09;46,01
1001;AU;118;01-09-2021;169;76,29;148,25
1002;AU;116;08-06-2021;97;129,25;234,10
1003;AU;115;31-03-2021;209;32,09;62,69
1002;AU;105;22-01-2021;285;84,79;98,25
1002;AU;112;01-02-2021;61;119,43;173,15
1005;AU;119;06-09-2021;27;169,58;277,32
1002;AU;117;05-04-2021;166;174,68;308,83
1002;AU;118;23-12-2021;304;76,29;91,69
1003;AU;110;24-05-2021;101;25,08;26,93
1002;AU;120;18-01-2021;502;254,58;317,88
1004;AU;102;18-07-2021;476;92,65;124,19
1002;AU;116;13-08-2021;154;129,25;221,55
1003;AU;117;14-12-2021;451;174,68;275,90
1003;AU;104;01-07-2021;343;12,75;22,98
1001;AU;110;05-10-2021;331;25,08;33,50
1004;AU;112;03-06-2021;167;119,43;133,35
1004;AU;103;28-11-2021;97;74,59;95,11
1004;AU;105;29-11-2021;306;84,79;87,70
1004;AU;112;22-09-2021;110;119,43;152,98
1005;AU;109;02-06-2021;379;48,03;54,30
1003;AU;103;11-10-2021;95;74,59;147,27
1001;AU;110;22-01-2021;125;25,08;49,31
1004;AU;107;13-02-2021;67;61,41;74,08
1002;AU;115;18-07-2021;85;32,09;44,71
1002;AU;110;08-04-2021;373;25,08;31,69
1004;AU;119;05-05-2021;279;169,58;305,67
1002;AU;119;20-04-2021;356;169,58;222,07
1002;AU;119;06-06-2021;152;169,58;265,90
1004;AU;104;05-10-2021;403;12,75;16,30
1002;AU;105;25-06-2021;359;84,79;96,18
1004;AU;118;27-10-2021;538;76,29;80,42
1003;AU;119;14-03-2021;418;169,58;219,50
1004;AU;110;20-07-2021;466;25,08;26,91
1002;AU;102;24-12-2021;182;92,65;144,36
1004;AU;108;30-04-2021;13;84,15;150,07
1004;AU;108;18-01-2021;102;84,15;126,29
1003;AU;110;23-02-2021;25;25,08;29,95
1004;AU;120;24-11-2021;57;254,58;308,54
1003;AU;115;22-12-2021;365;32,09;42,18
1005;AU;102;05-01-2021;210;92,65;106,54
1004;AU;108;26-07-2021;108;84,15;117,07
1002;AU;117;28-08-2021;429;174,68;303,43
1003;AU;103;27-01-2021;382;74,59;121,01
1005;AU;104;21-04-2021;55;12,75;22,90
1004;AU;112;13-08-2021;18;119,43;129,43
1004;AU;103;03-01-2021;466;74,59;80,83
1005;AU;107;21-01-2021;106;61,41;103,44
1001;AU;115;09-04-2021;3;32,09;51,10
1002;AU;117;12-02-2021;40;174,68;339,31
1003;AU;108;17-02-2021;56;84,15;157,01
1004;AU;104;19-12-2021;133;12,75;18,41
1003;AU;120;05-02-2021;273;254,58;471,65
1001;AU;102;18-10-2021;140;92,65;119,49
1003;AU;119;13-01-2021;171;169,58;301,43
1004;AU;114;03-12-2021;30;64,18;69,19
1003;AU;104;28-02-2021;207;12,75;24,90
1003;AU;105;18-04-2021;222;84,79;158,86
1002;AU;106;19-03-2021;192;40,59;59,08
1003;AU;114;28-04-2021;471;64,18;96,47
1002;AU;119;20-05-2021;56;169,58;180,33
1004;AU;117;20-11-2021;55;174,68;190,74
1002;AU;116;11-09-2021;297;129,25;224,65
1001;AU;120;09-09-2021;53;254,58;266,13
1001;AU;111;04-07-2021;159;254,79;492,35
1004;AU;107;06-01-2021;150;61,41;75,53
1001;AU;109;13-07-2021;202;48,03;76,95
1001;AU;112;08-04-2021;268;119,43;159,18
1004;AU;119;16-08-2021;93;169,58;324,58
1004;AU;117;18-09-2021;45;174,68;212,56
1002;AU;111;13-09-2021;139;254,79;361,32
1001;AU;118;03-08-2021;466;76,29;78,31
1002;AU;108;01-02-2021;384;84,15;147,82
1003;AU;114;21-04-2021;240;64,18;95,63
1001;AU;118;10-09-2021;350;76,29;78,34
1005;AU;104;13-11-2021;191;12,75;19,55
1004;AU;105;25-11-2021;223;84,79;159,45
1005;AU;111;19-09-2021;87;254,79;390,30
1004;AU;109;12-11-2021;107;48,03;90,24
1001;AU;103;03-04-2021;317;74,59;115,77
1004;AU;101;31-07-2021;280;22,53;31,54
1001;AU;111;25-01-2021;223;254,79;397,46
1001;AU;110;25-08-2021;158;25,08;48,62
1001;AU;111;13-10-2021;33;254,79;370,80
1004;AU;113;24-07-2021;133;57,59;111,92
1003;AU;106;01-02-2021;168;40,59;60,42
1005;AU;119;27-04-2021;333;169,58;240,41
1002;AU;119;13-12-2021;126;169,58;317,17
1004;AU;109;13-12-2021;299;48,03;69,34
1002;AU;119;27-03-2021;69;169,58;305,89
1004;AU;108;08-06-2021;116;84,15;149,51
1004;AU;112;21-09-2021;109;119,43;207,28
1001;AU;115;28-01-2021;181;32,09;41,79
1002;AU;102;15-09-2021;87;92,65;145,76
1005;AU;106;26-07-2021;367;40,59;42,02
1005;AU;108;26-05-2021;8;84,15;160,07
1005;AU;120;21-09-2021;298;254,58;296,04
1002;AU;110;21-12-2021;7;25,08;29,27
1005;AU;118;26-02-2021;277;76,29;86,41
1001;AU;109;19-08-2021;157;48,03;57,47
1001;AU;114;05-07-2021;281;64,18;101,56
1001;AU;114;21-04-2021;467;64,18;83,32
1005;AU;116;03-01-2021;348;129,25;137,99
1002;AU;112;01-06-2021;67;119,43;212,08
1005;AU;107;22-05-2021;81;61,41;92,39
1003;AU;114;27-01-2021;454;64,18;113,00
1003;AU;102;15-01-2021;53;92,65;148,00
1005;AU;110;28-04-2021;101;25,08;48,16
1005;AU;102;21-03-2021;281;92,65;163,01
1003;AU;104;05-05-2021;61;12,75;25,07
1003;AU;119;24-03-2021;91;169,58;294,16
1004;AU;114;09-12-2021;71;64,18;127,63
1003;AU;118;18-10-2021;20;76,29;89,35
1002;AU;118;18-02-2021;117;76,29;96,21
1004;AU;103;27-11-2021;5;74,59;75,44
1005;AU;119;04-11-2021;110;169,58;303,98
1005;AU;115;31-10-2021;29;32,09;62,34
1002;AU;116;17-06-2021;215;129,25;183,74
1004;AU;109;26-01-2021;55;48,03;68,65
1001;AU;118;13-11-2021;36;76,29;98,33
1002;AU;107;07-10-2021;261;61,41;119,51
1001;AU;107;31-08-2021;231;61,41;76,25
1002;AU;110;30-11-2021;36;25,08;44,51
1003;AU;101;12-03-2021;119;22,53;43,44
1005;AU;120;15-04-2021;214;254,58;333,54
1001;AU;115;25-08-2021;75;32,09;60,23
1005;AU;107;30-09-2021;162;61,41;101,43
1002;AU;115;24-07-2021;84;32,09;40,17
1002;AU;116;12-02-2021;124;129,25;240,56
1003;AU;117;16-01-2021;265;174,68;272,37
1003;AU;112;11-01-2021;361;119,43;177,15
1004;AU;101;27-12-2021;87;22,53;26,28
1001;AU;109;22-11-2021;195;48,03;54,97
1002;AU;117;07-06-2021;71;174,68;233,42
1002;AU;117;16-02-2021;438;174,68;194,99
1001;AU;114;27-10-2021;441;64,18;126,37
1003;AU;114;16-06-2021;110;64,18;126,05
1001;AU;114;18-09-2021;12;64,18;76,51
1004;AU;116;09-04-2021;166;129,25;200,88
1001;AU;117;07-03-2021;204;174,68;188,27
1002;AU;106;03-06-2021;29;40,59;73,25
1002;AU;101;08-06-2021;28;22,53;37,90
1002;AU;114;24-03-2021;38;64,18;108,63
1003;AU;103;04-11-2021;40;74,59;110,52
1001;AU;112;17-01-2021;39;119,43;198,47
1003;AU;107;21-08-2021;29;61,41;81,38
1003;AU;105;11-12-2021;540;84,79;119,33
1002;AU;120;10-03-2021;338;254,58;261,17
1004;AU;120;26-10-2021;136;254,58;500,88
1005;AU;103;07-07-2021;105;74,59;115,73
1003;AU;120;27-03-2021;203;254,58;503,94
1004;AU;119;07-06-2021;15;169,58;248,59
1005;AU;101;23-01-2021;164;22,53;26,04
1001;AU;102;24-05-2021;487;92,65;124,38
1002;AU;105;05-12-2021;107;84,79;101,00
1001;AU;119;17-11-2021;144;169,58;237,70
1005;AU;114;06-11-2021;205;64,18;82,20
1004;AU;120;29-09-2021;204;254,58;313,41
1002;AU;113;05-11-2021;191;57,59;107,53
1005;AU;104;05-03-2021;97;12,75;22,40
1003;AU;114;07-11-2021;57;64,18;75,39
1004;AU;109;26-09-2021;684;48,03;92,77
1004;AU;120;30-10-2021;234;254,58;407,77
1003;AU;111;20-02-2021;193;254,79;462,16
1001;AU;113;12-06-2021;53;57,59;101,65
1002;AU;108;06-05-2021;125;84,15;145,72
1001;AU;104;17-04-2021;205;12,75;13,40
1004;AU;117;02-02-2021;52;174,68;313,79
1003;AU;107;03-03-2021;20;61,41;97,63
1002;AU;106;07-07-2021;77;40,59;44,77
1004;AU;106;26-03-2021;523;40,59;49,55
1004;AU;103;01-08-2021;121;74,59;129,74
1002;AU;117;29-06-2021;151;174,68;299,55
1005;AU;108;02-11-2021;53;84,15;128,56
1003;AU;109;11-06-2021;153;48,03;48,21
1005;AU;103;28-04-2021;250;74,59;104,79
1002;AU;120;04-06-2021;97;254,58;345,63
1003;AU;107;14-12-2021;130;61,41;81,46
1001;AU;102;19-09-2021;89;92,65;156,43
1001;AU;111;25-06-2021;32;254,79;459,76
1005;AU;116;25-03-2021;202;129,25;240,29
1001;AU;103;09-05-2021;202;74,59;118,61
1004;AU;104;12-07-2021;15;12,75;17,48
1005;AU;106;08-09-2021;67;40,59;78,26
1004;AU;107;24-06-2021;36;61,41;117,26
1002;AU;117;09-06-2021;295;174,68;179,64
1002;AU;103;17-06-2021;255;74,59;103,59
1004;AU;103;06-04-2021;743;74,59;131,24
1004;AU;115;07-12-2021;223;32,09;34,46
1004;AU;113;13-12-2021;405;57,59;79,62
1001;AU;112;01-04-2021;87;119,43;223,29
1001;AU;104;26-09-2021;313;12,75;19,51
1002;AU;102;14-05-2021;37;92,65;105,39
1002;AU;107;28-06-2021;143;61,41;117,02
1001;AU;113;17-11-2021;79;57,59;105,62
1005;AU;113;03-05-2021;36;57,59;75,77
1002;AU;111;21-08-2021;51;254,79;493,41
1002;AU;120;30-03-2021;184;254,58;335,76
1002;AU;113;07-10-2021;90;57,59;75,90
1005;AU;115;19-02-2021;87;32,09;34,56
1001;AU;119;03-02-2021;76;169,58;261,58
1005;AU;105;25-04-2021;209;84,79;167,37
1001;AU;107;07-01-2021;257;61,41;112,08
1004;AU;108;02-10-2021;326;84,15;87,56
1004;AU;112;07-09-2021;195;119,43;188,51
1003;AU;108;09-06-2021;52;84,15;98,05
1003;AU;115;21-03-2021;190;32,09;41,92
1003;AU;103;18-07-2021;135;74,59;84,15
1003;AU;101;18-03-2021;219;22,53;42,82
1003;AU;104;26-10-2021;60;12,75;17,41
1003;AU;119;10-05-2021;56;169,58;287,28
1004;AU;108;06-03-2021;214;84,15;108,21
1005;AU;104;03-07-2021;49;12,75;18,03
1005;CA;110;15-04-2021;72;25,08;44,68
1005;CA;116;02-04-2021;73;129,25;140,81
1003;CA;114;06-01-2021;236;64,18;69,81
1003;CA;102;29-07-2021;383;92,65;95,77
1002;CA;116;21-08-2021;4;129,25;145,18
1001;CA;106;17-06-2021;235;40,59;75,03
1001;CA;109;02-09-2021;152;48,03;57,42
1001;CA;108;07-05-2021;34;84,15;133,87
1002;CA;120;07-01-2021;151;254,58;469,93
1002;CA;119;05-08-2021;155;169,58;198,51
1004;CA;113;20-05-2021;40;57,59;65,10
1003;CA;118;13-12-2021;326;76,29;104,44
1001;CA;110;15-06-2021;573;25,08;39,88
1001;CA;115;18-06-2021;253;32,09;35,42
1004;CA;103;09-08-2021;239;74,59;104,37
1004;CA;115;23-06-2021;48;32,09;48,41
1003;CA;104;14-12-2021;437;12,75;17,86
1002;CA;108;07-01-2021;230;84,15;166,02
1005;CA;105;15-12-2021;60;84,79;114,86
1003;CA;118;31-03-2021;44;76,29;144,66
1002;CA;106;29-08-2021;91;40,59;58,83
1005;CA;113;22-01-2021;9;57,59;83,95
1005;CA;105;11-07-2021;313;84,79;122,56
1003;CA;118;05-07-2021;6;76,29;133,60
1001;CA;120;31-12-2021;9;254,58;272,33
1005;CA;105;12-12-2021;108;84,79;131,56
1002;CA;108;31-10-2021;389;84,15;132,37
1001;CA;110;11-10-2021;185;25,08;39,65
1005;CA;106;18-04-2021;78;40,59;44,56
1005;CA;104;03-03-2021;40;12,75;20,33
1004;CA;101;08-01-2021;118;22,53;31,57
1005;CA;110;06-11-2021;98;25,08;32,62
1003;CA;120;19-11-2021;75;254,58;270,37
1001;CA;112;13-11-2021;241;119,43;234,07
1004;CA;107;04-09-2021;160;61,41;101,48
1004;CA;112;11-03-2021;127;119,43;171,75
1003;CA;112;12-08-2021;51;119,43;183,13
1005;CA;108;20-07-2021;89;84,15;149,58
1003;CA;108;19-02-2021;328;84,15;111,70
1003;CA;112;27-09-2021;246;119,43;197,33
1001;CA;118;19-04-2021;537;76,29;107,57
1002;CA;119;15-12-2021;106;169,58;309,51
1005;CA;110;22-05-2021;28;25,08;29,70
1005;CA;109;12-12-2021;245;48,03;75,30
1002;CA;118;21-08-2021;247;76,29;90,90
1001;CA;102;13-11-2021;263;92,65;145,83
1004;CA;111;15-09-2021;384;254,79;382,16
1005;CA;114;15-08-2021;351;64,18;105,97
1004;CA;115;22-08-2021;284;32,09;62,66
1001;CA;106;20-02-2021;202;40,59;60,91
1004;CA;110;23-08-2021;149;25,08;31,09
1004;CA;102;08-12-2021;229;92,65;171,75
1003;CA;117;28-04-2021;461;174,68;339,10
1002;CA;115;12-07-2021;155;32,09;55,52
1001;CA;117;24-07-2021;61;174,68;178,89
1003;CA;116;04-01-2021;65;129,25;173,17
1002;CA;116;24-01-2021;235;129,25;233,16
1003;CA;118;30-07-2021;256;76,29;132,87
1002;CA;118;03-02-2021;68;76,29;142,95
1001;CA;115;09-05-2021;4;32,09;57,16
1002;CA;116;03-04-2021;77;129,25;217,88
1001;CA;103;06-03-2021;210;74,59;129,85
1005;CA;111;06-05-2021;156;254,79;326,89
1001;CA;111;29-10-2021;291;254,79;399,28
1005;CA;112;17-09-2021;111;119,43;161,66
1002;CA;118;19-08-2021;224;76,29;89,00
1002;CA;112;02-07-2021;382;119,43;184,89
1002;CA;101;06-11-2021;246;22,53;26,00
1004;CA;110;02-06-2021;399;25,08;25,25
1005;CA;102;26-09-2021;314;92,65;123,34
1003;CA;120;19-05-2021;22;254,58;461,25
1002;CA;105;19-07-2021;188;84,79;161,49
1003;CA;115;16-09-2021;307;32,09;60,43
1003;CA;108;18-02-2021;148;84,15;92,00
1001;CA;120;30-12-2021;110;254,58;328,53
1004;CA;105;09-06-2021;289;84,79;97,46
1004;CA;120;11-11-2021;289;254,58;452,07
1004;CA;118;22-12-2021;170;76,29;132,23
1003;CA;118;06-03-2021;84;76,29;77,86
1004;CA;114;24-05-2021;298;64,18;90,99
1002;CA;105;16-04-2021;281;84,79;103,80
1003;CA;111;27-07-2021;357;254,79;392,58
1004;CA;117;15-01-2021;56;174,68;310,83
1001;CA;101;14-01-2021;56;22,53;32,51
1001;CA;116;12-08-2021;300;129,25;217,61
1003;CA;109;23-07-2021;5;48,03;56,76
1003;CA;107;16-02-2021;253;61,41;65,88
1004;CA;118;26-11-2021;482;76,29;78,65
1002;CA;115;30-03-2021;462;32,09;33,56
1005;CA;101;25-10-2021;56;22,53;42,14
1004;CA;113;05-04-2021;56;57,59;86,78
1001;CA;118;12-05-2021;207;76,29;143,47
1002;CA;117;11-03-2021;17;174,68;334,50
1003;CA;115;22-09-2021;63;32,09;63,06
1001;CA;120;04-09-2021;139;254,58;258,13
1005;CA;120;01-08-2021;197;254,58;299,59
1004;CA;113;15-11-2021;327;57,59;102,07
1002;CA;115;26-12-2021;31;32,09;32,62
1002;CA;113;10-06-2021;557;57,59;115,17
1004;CA;109;26-02-2021;232;48,03;71,30
1005;CA;105;24-09-2021;96;84,79;132,16
1005;CA;113;23-05-2021;189;57,59;78,19
1005;CA;108;19-11-2021;32;84,15;109,23
1005;CA;120;20-08-2021;404;254,58;397,66
1002;CA;101;03-08-2021;305;22,53;37,19
1003;CA;101;27-02-2021;208;22,53;32,53
1001;CA;112;12-11-2021;60;119,43;163,27
1003;CA;108;22-08-2021;121;84,15;143,33
1001;CA;104;04-02-2021;415;12,75;21,89
1001;CA;101;22-12-2021;267;22,53;33,63
1004;CA;118;20-05-2021;448;76,29;101,82
1001;CA;109;11-01-2021;174;48,03;84,66
1005;CA;117;04-08-2021;445;174,68;176,76
1002;CA;116;12-02-2021;191;129,25;134,79
1002;CA;110;23-04-2021;468;25,08;46,27
1004;CA;120;23-11-2021;64;254,58;478,73
1004;CA;115;12-10-2021;12;32,09;32,22
1004;CA;120;18-07-2021;153;254,58;465,34
1001;CA;107;19-06-2021;359;61,41;81,78
1002;CA;104;06-09-2021;327;12,75;24,84
1004;CA;112;19-07-2021;828;119,43;161,89
1003;CA;118;22-08-2021;70;76,29;101,91
1005;CA;119;30-03-2021;57;169,58;315,67
1004;CA;120;12-03-2021;183;254,58;278,21
1004;CA;114;06-01-2021;51;64,18;89,35
1005;CA;109;07-10-2021;12;48,03;80,44
1002;CA;105;27-02-2021;7;84,79;134,51
1004;CA;114;29-01-2021;26;64,18;118,78
1002;CA;106;17-02-2021;55;40,59;60,09
1001;CA;102;27-12-2021;73;92,65;147,50
1005;CA;102;16-09-2021;193;92,65;130,04
1003;CA;110;28-11-2021;188;25,08;35,24
1001;CA;108;22-02-2021;180;84,15;158,42
1001;CA;120;30-03-2021;190;254,58;384,82
1001;CA;106;27-04-2021;179;40,59;69,27
1001;CA;117;25-11-2021;456;174,68;242,74
1005;CA;117;29-06-2021;79;174,68;187,78
1005;CA;108;01-08-2021;284;84,15;165,17
1003;CA;110;25-12-2021;274;25,08;46,14
1005;CA;117;12-06-2021;184;174,68;206,20
1004;CA;111;14-03-2021;75;254,79;507,66
1002;CA;104;27-02-2021;50;12,75;22,74
1004;CA;107;17-05-2021;512;61,41;104,49
1004;CA;103;27-05-2021;565;74,59;83,21
1002;CA;101;12-07-2021;40;22,53;30,39
1004;CA;116;06-02-2021;547;129,25;201,64
1005;CA;113;12-02-2021;304;57,59;72,87
1004;CA;105;05-05-2021;22;84,79;146,52
1001;CA;115;08-04-2021;38;32,09;56,29
1002;CA;102;28-04-2021;92;92,65;184,03
1004;CA;111;23-08-2021;3;254,79;339,53
1002;CA;117;17-10-2021;405;174,68;176,65
1003;CA;101;21-03-2021;79;22,53;42,72
1002;CA;106;12-10-2021;314;40,59;64,87
1003;CA;102;31-05-2021;424;92,65;174,04
1002;CA;103;25-05-2021;187;74,59;82,11
1005;CA;118;31-07-2021;247;76,29;150,57
1001;CA;102;20-06-2021;203;92,65;106,63
1004;CA;104;20-06-2021;45;12,75;21,40
1003;CA;101;06-05-2021;86;22,53;43,82
1004;CA;118;27-04-2021;362;76,29;138,15
1002;CA;116;29-06-2021;159;129,25;224,19
1004;CA;118;02-05-2021;100;76,29;139,93
1004;CA;105;09-06-2021;118;84,79;85,77
1005;CA;109;03-11-2021;188;48,03;80,15
1001;CA;112;05-08-2021;116;119,43;183,96
1004;CA;120;14-11-2021;55;254,58;454,26
1001;CA;120;01-04-2021;24;254,58;430,13
1004;CA;119;28-01-2021;189;169,58;170,81
1004;CA;119;30-12-2021;233;169,58;230,31
1001;CA;111;08-07-2021;330;254,79;435,30
1001;CA;114;25-12-2021;57;64,18;74,36
1001;CA;114;13-04-2021;162;64,18;120,51
1003;CA;119;02-08-2021;88;169,58;306,82
1002;CA;105;30-12-2021;138;84,79;152,94
1005;CA;117;05-05-2021;433;174,68;187,43
1004;CA;112;03-06-2021;68;119,43;157,80
1003;CA;109;27-12-2021;78;48,03;82,37
1002;CA;120;31-08-2021;45;254,58;487,05
1001;CA;107;04-03-2021;231;61,41;119,97
1003;CA;104;27-08-2021;236;12,75;18,28
1005;CA;118;10-08-2021;46;76,29;107,10
1002;CA;103;31-03-2021;70;74,59;145,14
1003;CA;108;26-07-2021;13;84,15;90,98
1001;CA;103;14-08-2021;592;74,59;99,93
1004;CA;107;09-07-2021;145;61,41;80,56
1004;CA;116;05-06-2021;14;129,25;134,65
1004;CA;111;09-09-2021;186;254,79;508,38
1003;CA;109;28-03-2021;170;48,03;53,15
1005;CA;101;11-11-2021;524;22,53;32,34
1003;CA;107;24-04-2021;167;61,41;116,05
1005;CA;110;15-12-2021;99;25,08;34,24
1005;CA;101;23-04-2021;206;22,53;33,08
1005;CA;108;02-11-2021;329;84,15;104,26
1005;CA;115;12-11-2021;212;32,09;36,28
1001;CA;109;18-06-2021;21;48,03;90,03
1004;CA;116;24-12-2021;103;129,25;237,45
1004;CA;110;22-09-2021;68;25,08;39,67
1002;CA;112;22-12-2021;194;119,43;220,66
1002;CA;114;31-03-2021;347;64,18;90,92
1002;CA;112;31-03-2021;321;119,43;199,73
1004;CA;115;15-03-2021;257;32,09;59,45
1004;CA;102;27-08-2021;183;92,65;154,48
1005;CA;111;23-02-2021;113;254,79;269,34
1002;CA;109;30-07-2021;96;48,03;87,58
1002;CA;106;05-01-2021;34;40,59;54,82
1001;CA;102;01-03-2021;18;92,65;109,40
1004;CA;117;19-10-2021;107;174,68;253,24
1004;CA;109;17-03-2021;57;48,03;67,34
1003;CA;111;22-11-2021;67;254,79;441,00
1001;CA;120;07-03-2021;241;254,58;280,44
1003;CA;103;11-09-2021;130;74,59;79,47
1003;CA;112;25-07-2021;67;119,43;228,91
1003;CA;112;29-07-2021;140;119,43;185,61
1003;CA;102;13-11-2021;196;92,65;124,01
1005;CA;114;12-11-2021;43;64,18;105,53
1001;CA;106;04-10-2021;284;40,59;48,87
1003;CA;101;15-01-2021;538;22,53;41,40
1004;CA;112;22-07-2021;306;119,43;160,11
1005;CA;106;06-08-2021;290;40,59;71,20
1002;CA;103;08-04-2021;191;74,59;138,34
1003;CA;118;12-08-2021;243;76,29;112,16
1004;CA;119;07-10-2021;141;169,58;315,93
1002;CA;103;06-09-2021;509;74,59;147,89
1005;CA;115;26-07-2021;2;32,09;49,58
1005;CA;104;25-01-2021;89;12,75;13,00
1004;CA;110;17-11-2021;202;25,08;46,64
1003;CA;118;26-05-2021;132;76,29;136,70
1002;CA;101;05-10-2021;229;22,53;25,45
1004;CA;113;02-07-2021;434;57,59;67,20
1003;CA;119;02-03-2021;274;169,58;250,82
1004;CA;117;10-07-2021;345;174,68;340,89
1004;CA;114;14-12-2021;22;64,18;103,61
1004;CA;101;27-03-2021;41;22,53;34,06
1005;CA;112;20-01-2021;33;119,43;232,16
1005;CA;112;19-03-2021;127;119,43;209,19
1001;CA;115;22-08-2021;205;32,09;41,50
1002;CA;105;28-04-2021;78;84,79;87,46
1002;CA;101;01-11-2021;481;22,53;43,44
1005;CA;118;29-09-2021;547;76,29;80,17
1004;CA;107;06-01-2021;43;61,41;105,88
1005;CA;106;25-04-2021;186;40,59;45,85
1002;CA;108;01-11-2021;245;84,15;103,06
1005;CA;102;30-06-2021;116;92,65;181,27
1004;CA;120;13-09-2021;2;254,58;377,76
1004;CA;109;12-10-2021;13;48,03;82,78
1004;CA;103;25-04-2021;38;74,59;141,47
1004;CA;114;15-04-2021;818;64,18;68,34
1002;CA;102;22-12-2021;39;92,65;140,44
1005;CA;115;25-11-2021;113;32,09;34,52
1004;CA;118;28-12-2021;54;76,29;147,09
1005;CA;118;09-10-2021;5;76,29;130,66
1002;CA;105;04-03-2021;318;84,79;150,29
1002;CA;114;27-10-2021;194;64,18;109,49
1001;CA;108;06-02-2021;75;84,15;111,00
1001;CA;117;02-05-2021;9;174,68;347,19
1004;CA;112;25-12-2021;36;119,43;155,29
1002;CA;106;23-03-2021;137;40,59;49,25
1001;CA;116;15-04-2021;244;129,25;243,50
1003;CA;115;17-09-2021;137;32,09;44,89
1004;CA;101;13-09-2021;62;22,53;30,05
1003;CA;105;13-06-2021;120;84,79;111,31
1004;CA;115;20-10-2021;215;32,09;39,58
1005;CA;107;20-04-2021;9;61,41;97,88
1002;CA;113;03-06-2021;54;57,59;89,40
1001;CA;113;01-03-2021;347;57,59;109,18
1001;CA;106;10-10-2021;116;40,59;75,81
1001;CA;109;14-08-2021;156;48,03;76,44
1002;CA;120;24-04-2021;162;254,58;306,10
1001;CA;102;27-04-2021;140;92,65;147,56
1005;CA;116;28-02-2021;25;129,25;227,52
1003;CA;115;20-11-2021;272;32,09;62,06
1003;CA;109;01-09-2021;271;48,03;56,50
1004;CA;112;13-01-2021;83;119,43;193,20
1004;CA;107;19-05-2021;811;61,41;104,39
1003;CA;116;10-12-2021;455;129,25;170,96
1001;CA;103;29-01-2021;204;74,59;94,48
1001;CA;116;14-03-2021;336;129,25;146,36
1004;CA;119;24-06-2021;125;169,58;261,34
1002;CA;114;25-12-2021;137;64,18;112,83
1001;CA;120;30-12-2021;436;254,58;329,50
1003;CA;101;16-01-2021;194;22,53;30,06
1002;CA;114;22-10-2021;82;64,18;103,13
1002;CA;115;25-06-2021;480;32,09;40,34
1001;CA;120;30-03-2021;287;254,58;320,13
1004;CA;111;03-11-2021;32;254,79;393,20
1005;CA;104;02-07-2021;464;12,75;16,49
1003;CA;108;09-12-2021;84;84,15;97,71
1005;CA;113;16-06-2021;72;57,59;89,22
1004;CA;103;13-10-2021;20;74,59;91,05
1001;CA;120;25-03-2021;97;254,58;405,88
1004;CA;103;08-09-2021;152;74,59;141,66
1002;CA;106;01-11-2021;215;40,59;58,49
1003;CA;120;26-06-2021;72;254,58;279,01
1001;CA;103;10-04-2021;12;74,59;122,70
1003;CA;113;11-01-2021;346;57,59;110,02
1001;CA;112;14-07-2021;97;119,43;210,83
1002;CA;120;23-02-2021;242;254,58;501,61
1001;CA;115;05-05-2021;107;32,09;57,69
1004;CA;105;30-09-2021;175;84,79;111,40
1001;CA;119;13-10-2021;51;169,58;215,02
1001;CA;106;27-11-2021;207;40,59;62,20
1003;CA;105;20-01-2021;187;84,79;115,89
1005;CA;104;25-11-2021;139;12,75;24,90
1001;CA;113;16-01-2021;439;57,59;99,79
1002;CA;115;22-03-2021;159;32,09;50,30
1003;CA;108;10-08-2021;385;84,15;123,63
1003;CA;116;26-04-2021;148;129,25;246,12
1001;CA;109;19-08-2021;557;48,03;89,67
1001;CA;116;08-09-2021;205;129,25;214,19
1001;CA;117;08-03-2021;48;174,68;270,00
1001;CA;108;23-02-2021;21;84,15;86,21
1005;CA;116;31-08-2021;86;129,25;140,86
1001;CA;106;02-04-2021;412;40,59;55,74
1002;CA;117;14-07-2021;407;174,68;215,38
1002;CA;106;01-03-2021;8;40,59;59,04
1003;CA;114;29-10-2021;405;64,18;79,32
1002;CA;114;30-06-2021;195;64,18;122,16
1004;CA;101;09-01-2021;334;22,53;23,41
1005;CA;120;17-02-2021;220;254,58;262,03
1004;CA;107;14-11-2021;44;61,41;111,07
1003;CA;102;10-03-2021;63;92,65;111,98
1004;CA;116;10-11-2021;421;129,25;257,81
1003;CA;114;23-11-2021;336;64,18;92,26
1004;CA;106;26-12-2021;147;40,59;79,32
1002;CA;112;31-08-2021;110;119,43;238,60
1001;CA;119;04-02-2021;14;169,58;189,03
1004;CA;112;19-11-2021;237;119,43;205,61
1002;CA;120;12-11-2021;9;254,58;266,61
1004;CA;112;14-07-2021;76;119,43;205,08
1001;NZ;105;31-08-2021;150;84,79;167,67
1002;NZ;105;22-09-2021;182;84,79;116,86
1004;NZ;107;06-04-2021;88;61,41;85,90
1001;NZ;119;28-01-2021;19;169,58;223,56
1004;NZ;109;09-04-2021;553;48,03;67,28
1001;NZ;110;28-08-2021;348;25,08;47,31
1002;NZ;109;26-04-2021;173;48,03;68,16
1002;NZ;109;01-03-2021;7;48,03;89,71
1002;NZ;118;21-01-2021;224;76,29;107,22
1001;NZ;105;23-07-2021;115;84,79;168,49
1001;NZ;116;17-09-2021;195;129,25;251,62
1003;NZ;119;05-06-2021;205;169,58;222,76
1003;NZ;101;19-01-2021;443;22,53;40,25
1003;NZ;116;25-01-2021;2;129,25;234,89
1005;NZ;118;26-04-2021;32;76,29;140,77
1002;NZ;103;23-09-2021;141;74,59;135,39
1004;NZ;107;17-08-2021;47;61,41;93,52
1001;NZ;120;03-12-2021;320;254,58;290,73
1002;NZ;115;25-08-2021;136;32,09;32,69
1002;NZ;107;19-08-2021;30;61,41;72,93
1002;NZ;113;08-05-2021;365;57,59;92,76
1001;NZ;102;24-04-2021;169;92,65;154,53
1002;NZ;108;10-01-2021;30;84,15;132,34
1003;NZ;102;11-11-2021;6;92,65;112,09
1001;NZ;115;19-03-2021;343;32,09;51,82
1004;NZ;118;29-01-2021;97;76,29;148,52
1005;NZ;103;17-10-2021;203;74,59;137,73
1002;NZ;105;14-01-2021;372;84,79;102,66
1004;NZ;115;06-11-2021;312;32,09;53,01
1004;NZ;116;19-02-2021;251;129,25;170,98
1003;NZ;105;02-07-2021;67;84,79;108,21
1001;NZ;110;28-08-2021;11;25,08;37,45
1005;NZ;107;07-04-2021;73;61,41;89,88
1002;NZ;107;01-12-2021;457;61,41;71,08
1005;NZ;104;17-03-2021;82;12,75;13,63
1003;NZ;106;21-02-2021;337;40,59;64,70
1005;NZ;117;29-09-2021;120;174,68;208,24
1001;NZ;115;18-02-2021;173;32,09;48,65
1001;NZ;119;06-12-2021;111;169,58;176,37
1004;NZ;112;29-05-2021;230;119,43;227,15
1001;NZ;119;15-03-2021;21;169,58;307,25
1005;NZ;103;12-10-2021;331;74,59;100,75
1003;NZ;115;22-01-2021;296;32,09;37,69
1002;NZ;115;16-11-2021;228;32,09;44,31
1005;NZ;101;18-09-2021;140;22,53;43,19
1001;NZ;120;12-11-2021;25;254,58;280,91
1003;NZ;115;13-07-2021;173;32,09;63,16
1004;NZ;104;02-09-2021;418;12,75;15,03
1005;NZ;104;18-03-2021;142;12,75;16,35
1003;NZ;112;09-10-2021;76;119,43;230,31
1004;NZ;111;16-06-2021;55;254,79;328,38
1002;NZ;116;05-10-2021;124;129,25;166,78
1002;NZ;114;26-04-2021;134;64,18;100,73
1004;NZ;118;29-12-2021;165;76,29;129,81
1002;NZ;103;16-06-2021;131;74,59;75,18
1005;NZ;112;23-11-2021;330;119,43;135,06
1004;NZ;104;01-11-2021;382;12,75;15,21
1004;NZ;116;15-08-2021;386;129,25;227,45
1004;NZ;117;17-11-2021;275;174,68;318,99
1003;NZ;107;31-12-2021;187;61,41;65,81
1001;NZ;106;25-11-2021;368;40,59;77,10
1003;NZ;117;22-03-2021;120;174,68;277,61
1004;NZ;114;06-10-2021;180;64,18;114,12
1004;NZ;104;20-05-2021;288;12,75;20,09
1001;NZ;101;14-07-2021;20;22,53;28,84
1003;NZ;116;05-11-2021;16;129,25;204,86
1003;NZ;114;22-08-2021;109;64,18;86,98
1004;NZ;103;16-05-2021;247;74,59;83,44
1003;NZ;112;09-02-2021;94;119,43;236,98
1003;NZ;120;03-11-2021;9;254,58;431,62
1002;NZ;116;09-07-2021;178;129,25;158,35
1001;NZ;109;15-11-2021;151;48,03;48,05
1003;NZ;104;23-09-2021;111;12,75;17,76
1002;NZ;111;10-11-2021;7;254,79;370,80
1003;NZ;105;02-10-2021;270;84,79;151,23
1004;NZ;108;17-01-2021;403;84,15;99,83
1004;NZ;118;30-11-2021;276;76,29;134,97
1005;NZ;109;09-06-2021;355;48,03;81,01
1004;NZ;109;08-03-2021;161;48,03;87,96
1004;NZ;114;03-08-2021;102;64,18;77,38
1005;NZ;103;23-03-2021;15;74,59;148,38
1005;NZ;106;04-06-2021;245;40,59;45,84
1001;NZ;115;01-08-2021;110;32,09;45,48
1003;NZ;117;08-05-2021;15;174,68;303,93
1002;NZ;120;11-03-2021;135;254,58;346,95
1001;NZ;110;01-11-2021;265;25,08;42,00
1005;NZ;101;07-02-2021;15;22,53;36,02
1004;NZ;105;14-12-2021;38;84,79;159,21
1001;NZ;119;09-10-2021;453;169,58;253,27
1005;NZ;106;22-09-2021;23;40,59;49,88
1001;NZ;108;23-03-2021;161;84,15;128,59
1002;NZ;113;26-09-2021;23;57,59;73,82
1001;NZ;105;23-10-2021;22;84,79;91,78
1005;NZ;107;16-08-2021;503;61,41;72,05
1005;NZ;116;25-11-2021;435;129,25;240,30
1002;NZ;113;23-09-2021;149;57,59;112,16
1005;NZ;113;11-01-2021;35;57,59;100,26
1005;NZ;105;08-04-2021;174;84,79;124,26
1001;NZ;113;06-06-2021;333;57,59;74,88
1002;NZ;112;03-04-2021;138;119,43;121,93
1002;NZ;112;03-03-2021;382;119,43;225,71
1004;NZ;106;07-03-2021;9;40,59;47,26
1001;NZ;115;11-02-2021;395;32,09;38,78
1003;NZ;106;12-08-2021;450;40,59;45,56
1001;NZ;115;22-06-2021;243;32,09;39,70
1005;NZ;114;31-12-2021;145;64,18;114,62
1004;NZ;118;11-06-2021;527;76,29;88,52
1003;NZ;116;08-08-2021;155;129,25;223,99
1001;NZ;102;14-04-2021;279;92,65;183,66
1003;NZ;111;26-02-2021;133;254,79;305,21
1004;NZ;103;13-05-2021;171;74,59;143,35
1001;NZ;113;19-08-2021;341;57,59;96,16
1003;NZ;102;15-01-2021;411;92,65;117,68
1001;NZ;103;23-10-2021;137;74,59;125,80
1005;NZ;112;19-08-2021;62;119,43;228,10
1002;NZ;118;10-10-2021;67;76,29;88,11
1004;NZ;115;04-05-2021;220;32,09;38,68
1005;NZ;108;21-12-2021;71;84,15;151,27
1005;NZ;119;25-09-2021;44;169,58;241,14
1001;NZ;120;16-04-2021;29;254,58;417,02
1005;NZ;101;03-11-2021;378;22,53;31,18
1004;NZ;102;30-03-2021;111;92,65;108,12
1003;NZ;115;27-06-2021;409;32,09;51,55
1004;NZ;107;15-05-2021;264;61,41;115,62
1005;NZ;106;11-10-2021;100;40,59;69,98
1004;NZ;102;05-03-2021;22;92,65;163,41
1004;NZ;120;01-10-2021;160;254,58;507,47
1001;NZ;106;21-05-2021;45;40,59;70,27
1002;NZ;103;07-08-2021;68;74,59;129,73
1005;NZ;101;12-08-2021;252;22,53;22,66
1003;NZ;114;10-06-2021;25;64,18;109,00
1001;NZ;102;07-01-2021;444;92,65;169,45
1001;NZ;111;30-10-2021;355;254,79;447,77
1002;NZ;106;23-06-2021;594;40,59;77,37
1002;NZ;112;03-08-2021;20;119,43;197,01
1005;NZ;109;05-10-2021;325;48,03;72,85
1003;NZ;101;24-12-2021;141;22,53;39,88
1005;NZ;114;10-05-2021;38;64,18;111,92
1002;NZ;104;07-06-2021;359;12,75;18,00
1002;NZ;115;12-09-2021;19;32,09;50,58
1005;NZ;118;24-05-2021;313;76,29;104,38
1001;NZ;106;30-07-2021;214;40,59;41,80
1004;NZ;101;17-09-2021;323;22,53;36,47
1003;NZ;105;07-04-2021;36;84,79;88,08
1001;NZ;114;17-01-2021;54;64,18;101,28
1001;NZ;110;30-01-2021;159;25,08;30,17
1003;NZ;103;10-03-2021;48;74,59;140,46
1001;NZ;106;01-04-2021;212;40,59;61,34
1005;NZ;112;31-07-2021;120;119,43;176,29
1003;NZ;111;09-06-2021;74;254,79;391,45
1005;NZ;110;25-07-2021;138;25,08;32,61
1001;NZ;106;12-10-2021;274;40,59;68,24
1003;NZ;103;07-06-2021;279;74,59;94,90
1002;NZ;118;10-09-2021;248;76,29;96,41
1002;NZ;101;08-05-2021;58;22,53;41,27
1001;NZ;109;05-09-2021;298;48,03;85,30
1001;NZ;119;13-01-2021;22;169,58;225,24
1001;NZ;120;05-07-2021;352;254,58;445,36
1001;NZ;108;12-06-2021;417;84,15;130,06
1003;NZ;103;09-03-2021;300;74,59;87,57
1001;NZ;104;03-05-2021;193;12,75;17,61
1002;NZ;102;28-08-2021;394;92,65;126,21
1001;NZ;104;15-04-2021;97;12,75;19,89
1005;NZ;101;15-01-2021;26;22,53;31,08
1004;NZ;112;19-11-2021;405;119,43;194,06
1004;NZ;105;13-02-2021;68;84,79;84,86
1002;NZ;104;25-04-2021;256;12,75;15,34
1001;NZ;101;23-08-2021;61;22,53;36,08
1002;NZ;104;21-12-2021;79;12,75;16,39
1005;NZ;112;21-10-2021;273;119,43;121,68
1003;NZ;101;16-03-2021;317;22,53;31,98
1003;NZ;114;19-10-2021;484;64,18;84,21
1001;NZ;107;24-02-2021;121;61,41;69,09
1005;NZ;103;30-10-2021;157;74,59;94,67
1003;NZ;113;13-10-2021;373;57,59;96,10
1004;NZ;111;17-03-2021;557;254,79;281,51
1004;NZ;104;11-07-2021;250;12,75;16,95
1002;NZ;114;12-03-2021;76;64,18;82,29
1004;NZ;118;18-10-2021;37;76,29;80,23
1003;NZ;109;22-11-2021;353;48,03;94,41
1005;NZ;110;15-09-2021;418;25,08;28,23
1003;NZ;104;28-12-2021;114;12,75;21,88
1005;NZ;112;25-03-2021;82;119,43;194,65
1003;NZ;107;24-07-2021;291;61,41;87,32
1005;NZ;105;09-09-2021;47;84,79;137,82
1003;NZ;117;03-11-2021;27;174,68;268,09
1003;NZ;107;30-05-2021;29;61,41;79,50
1004;NZ;111;15-04-2021;184;254,79;335,39
1005;NZ;109;20-09-2021;230;48,03;85,12
1003;NZ;116;15-05-2021;49;129,25;200,72
1005;NZ;105;24-08-2021;145;84,79;121,98
1005;NZ;111;01-11-2021;95;254,79;272,54
1005;NZ;112;13-09-2021;61;119,43;220,41
1002;NZ;113;17-05-2021;30;57,59;82,43
1004;NZ;120;21-11-2021;148;254,58;437,41
1001;NZ;113;19-04-2021;191;57,59;106,91
1002;NZ;102;26-06-2021;114;92,65;112,32
1005;NZ;110;24-01-2021;495;25,08;35,01
1004;NZ;120;24-10-2021;360;254,58;309,66
1005;NZ;104;15-09-2021;196;12,75;18,44
1004;NZ;112;25-07-2021;157;119,43;220,59
1005;NZ;107;31-10-2021;494;61,41;76,08
1004;NZ;119;12-09-2021;385;169,58;206,19
1001;NZ;103;08-03-2021;274;74,59;140,28
1005;NZ;104;28-10-2021;57;12,75;14,22
1001;NZ;107;03-12-2021;30;61,41;102,76
1001;NZ;120;10-01-2021;145;254,58;434,97
1002;NZ;101;25-06-2021;125;22,53;42,54
1003;NZ;103;24-06-2021;385;74,59;85,46
1003;NZ;113;21-10-2021;10;57,59;112,37
1002;NZ;102;06-09-2021;149;92,65;151,11
1005;NZ;102;21-08-2021;88;92,65;143,88
1001;NZ;110;18-07-2021;258;25,08;35,38
1001;NZ;111;03-01-2021;5;254,79;350,94
1001;NZ;109;23-11-2021;415;48,03;69,52
1003;NZ;110;28-01-2021;393;25,08;33,01
1001;NZ;108;25-05-2021;597;84,15;167,73
1005;NZ;120;16-02-2021;47;254,58;350,54
1001;NZ;118;12-08-2021;341;76,29;83,30
1005;NZ;108;09-06-2021;309;84,15;98,16
1003;NZ;118;30-11-2021;133;76,29;151,67
1001;NZ;115;07-09-2021;222;32,09;44,12
1002;NZ;106;14-01-2021;5;40,59;46,44
1005;NZ;117;11-07-2021;238;174,68;321,28
1002;NZ;106;15-03-2021;372;40,59;61,60
1004;NZ;118;17-02-2021;244;76,29;101,38
1004;NZ;114;14-06-2021;526;64,18;127,48
1005;NZ;106;10-01-2021;558;40,59;54,82
1005;NZ;114;28-02-2021;278;64,18;74,08
1002;NZ;105;22-12-2021;295;84,79;144,95
1001;NZ;118;30-04-2021;39;76,29;93,30
1005;NZ;113;11-07-2021;567;57,59;83,93
1004;NZ;112;07-03-2021;79;119,43;149,60
1003;NZ;110;23-01-2021;156;25,08;28,03
1002;NZ;114;07-01-2021;5;64,18;93,70
1003;NZ;113;18-06-2021;250;57,59;104,36
1003;NZ;107;23-03-2021;423;61,41;69,83
1001;NZ;117;09-01-2021;142;174,68;278,21
1002;NZ;111;27-05-2021;270;254,79;394,16
1003;NZ;110;22-08-2021;257;25,08;29,49
1005;NZ;113;19-10-2021;74;57,59;96,95
1003;NZ;119;01-01-2021;404;169,58;251,32
1003;NZ;118;24-06-2021;250;76,29;77,91
1002;NZ;101;14-03-2021;141;22,53;25,92
1003;NZ;103;29-12-2021;27;74,59;129,21
1003;NZ;118;17-11-2021;67;76,29;139,16
1001;NZ;118;31-01-2021;46;76,29;129,99
1005;NZ;104;04-06-2021;363;12,75;22,27
1004;NZ;117;15-06-2021;218;174,68;176,95
1001;NZ;109;12-10-2021;114;48,03;60,48
1005;NZ;113;07-02-2021;41;57,59;110,35
1005;NZ;107;05-10-2021;76;61,41;64,41
1005;NZ;103;06-09-2021;198;74,59;74,85
1001;NZ;115;10-01-2021;216;32,09;45,58
1002;NZ;108;14-03-2021;6;84,15;119,75
1003;NZ;101;20-06-2021;20;22,53;29,31
1003;NZ;109;16-08-2021;401;48,03;69,95
1001;NZ;107;09-04-2021;369;61,41;79,24
1002;NZ;109;10-06-2021;166;48,03;61,02
1002;NZ;105;18-06-2021;329;84,79;116,42
1002;NZ;119;28-04-2021;154;169,58;186,61
1004;NZ;101;16-11-2021;130;22,53;33,07
1005;NZ;116;29-10-2021;7;129,25;217,64
1001;NZ;120;03-10-2021;701;254,58;312,00
1004;NZ;103;24-06-2021;141;74,59;106,65
1004;NZ;119;30-04-2021;155;169,58;219,09
1002;NZ;115;01-08-2021;44;32,09;51,13
1004;NZ;109;04-01-2021;373;48,03;88,97
1002;NZ;106;14-02-2021;444;40,59;47,96
1004;NZ;103;31-05-2021;83;74,59;104,81
1003;NZ;107;12-05-2021;120;61,41;118,32
1003;NZ;111;05-05-2021;346;254,79;509,36
1002;NZ;118;15-12-2021;259;76,29;91,71
1001;NZ;114;24-07-2021;204;64,18;93,13
1005;NZ;114;08-01-2021;482;64,18;116,33
1003;NZ;102;28-04-2021;96;92,65;168,51
1003;NZ;103;16-07-2021;100;74,59;77,23
1004;NZ;103;10-07-2021;129;74,59;135,57
1005;NZ;104;01-12-2021;254;12,75;25,37
1002;NZ;110;14-10-2021;254;25,08;28,98
1003;NZ;105;22-11-2021;1;84,79;107,30
1003;NZ;112;08-06-2021;148;119,43;201,86
1005;NZ;119;10-09-2021;413;169,58;252,36
1005;NZ;104;16-04-2021;175;12,75;16,36
1003;NZ;120;22-06-2021;215;254,58;412,59
1003;NZ;104;10-04-2021;113;12,75;19,32
1002;NZ;106;22-02-2021;227;40,59;56,93
1001;NZ;112;05-11-2021;212;119,43;220,59
1005;NZ;104;17-01-2021;39;12,75;23,66
1004;NZ;117;05-12-2021;348;174,68;220,87
1004;NZ;118;09-09-2021;48;76,29;81,11
1001;NZ;120;07-09-2021;24;254,58;493,80
1005;NZ;109;06-01-2021;36;48,03;83,04
1004;NZ;103;07-05-2021;22;74,59;143,47
1005;NZ;108;29-11-2021;170;84,15;115,66
1002;NZ;117;18-02-2021;128;174,68;191,95
1004;NZ;117;01-08-2021;113;174,68;289,70
1001;NZ;119;20-01-2021;35;169,58;258,90
1002;NZ;107;18-09-2021;27;61,41;65,71
1002;NZ;113;26-02-2021;150;57,59;63,34
1005;NZ;116;19-02-2021;2;129,25;222,36
1004;NZ;111;28-04-2021;403;254,79;481,75
1003;NZ;114;14-03-2021;349;64,18;69,44
1001;NZ;106;16-12-2021;198;40,59;66,51
1002;NZ;107;19-09-2021;250;61,41;85,30
1002;NZ;106;12-08-2021;508;40,59;49,52
1003;NZ;104;03-07-2021;273;12,75;21,82
1004;NZ;115;14-03-2021;161;32,09;49,70
1005;NZ;104;17-09-2021;18;12,75;16,20
1004;NZ;108;19-11-2021;248;84,15;105,08
1004;NZ;117;03-06-2021;54;174,68;200,16
1003;NZ;109;27-10-2021;105;48,03;81,75
1001;NZ;112;19-01-2021;51;119,43;142,54
1003;NZ;112;09-05-2021;526;119,43;180,90
1002;NZ;112;12-07-2021;436;119,43;218,67
1005;NZ;106;02-03-2021;168;40,59;44,25
1003;NZ;102;26-10-2021;359;92,65;157,59
1004;NZ;104;31-12-2021;168;12,75;19,41
1005;NZ;104;03-09-2021;37;12,75;23,79
1001;NZ;114;18-01-2021;133;64,18;65,00
1005;NZ;119;27-08-2021;636;169,58;318,37
1003;NZ;119;21-09-2021;3;169,58;331,32
1002;NZ;105;17-07-2021;80;84,79;98,72
1004;NZ;110;14-01-2021;38;25,08;44,02
1003;NZ;112;03-06-2021;234;119,43;140,19
1005;NZ;111;03-10-2021;424;254,79;466,94
1002;NZ;108;22-08-2021;32;84,15;95,88
1004;NZ;119;19-11-2021;325;169,58;298,63
1003;NZ;102;11-04-2021;392;92,65;161,89
1004;NZ;118;10-11-2021;107;76,29;93,27
